source_id,split,variant_id,degradation,severity,severity_name,is_degraded,width,height,aspect_ratio,mean_brightness,brightness_std,dark_ratio,bright_ratio,black_clip_ratio,white_clip_ratio,p01,p05,p50,p95,p99,contrast_range,dynamic_range,laplacian_variance,mean_gradient,std_gradient,mean_saturation,high_saturation_ratio,low_saturation_ratio,noise_estimate,entropy,texture_variation
e06b55bf935e76ac,train,e06b55bf935e76ac__clean,none,0,none,0,444.0,640.0,0.69375,167.62880067567568,62.37026111665574,0.07769214527027027,0.1059790259009009,0.000390625,0.0007953265765765766,6.0,26.0,196.0,226.0,246.0,200.0,240.0,8495.814103160368,116.92212677001953,156.0186004638672,17.978469876126127,0.01190526463963964,0.8432538006756757,21.805341720581055,7.188652515411377,18.37437629699707
e06b55bf935e76ac,train,e06b55bf935e76ac__blur__s3,blur,3,medium,1,444.0,640.0,0.69375,167.58951998873874,53.09995252104216,0.03579321509009009,0.04017103040540541,0.0,0.0,26.0,49.0,194.0,213.0,239.0,164.0,213.0,32.82791231687769,44.79380798339844,57.89238739013672,12.698518440315315,0.0007003096846846847,0.8702456362612613,2.4867191314697266,6.955504417419434,2.8650200366973877
e06b55bf935e76ac,train,e06b55bf935e76ac__motion_blur__s3,motion_blur,3,medium,1,444.0,640.0,0.69375,167.57909276463963,50.867945326435496,0.027262809684684686,0.03656390765765766,0.0,0.0,27.0,58.0,193.0,213.0,236.0,155.0,209.0,236.8305494712481,45.298065185546875,55.464603424072266,12.008720439189188,0.0005665822072072072,0.8846706081081082,5.005291938781738,6.997849941253662,4.646072864532471
e06b55bf935e76ac,train,e06b55bf935e76ac__underexposure__s3,underexposure,3,medium,1,444.0,640.0,0.69375,91.68794341216216,34.255915899602975,0.13330869932432432,0.0,0.0015308277027027027,0.0,3.0,14.0,108.0,123.0,135.0,109.0,132.0,2507.5162183121356,64.14615631103516,85.92327880859375,18.988260135135135,0.013344594594594595,0.8383762668918919,11.9236421585083,6.309772968292236,9.880361557006836
e06b55bf935e76ac,train,e06b55bf935e76ac__overexposure__s3,overexposure,3,medium,1,444.0,640.0,0.69375,216.28598324887386,71.95378478207643,0.05076365427927928,0.7535050675675675,0.00020411036036036036,0.5601245777027027,9.0,39.0,255.0,255.0,255.0,216.0,246.0,13072.21543508491,113.36802673339844,196.94369506835938,14.604835304054054,0.011398507882882884,0.8516680743243243,26.423736572265625,3.9942455291748047,18.337337493896484
e06b55bf935e76ac,train,e06b55bf935e76ac__noise__s3,noise,3,medium,1,444.0,640.0,0.69375,167.10983248873873,62.9993150515111,0.07693552927927928,0.1708790822072072,0.0001759572072072072,0.00017947635135135136,6.0,26.0,191.0,232.0,248.0,206.0,242.0,11610.65476287978,138.48233032226562,147.22103881835938,29.302333192567566,0.018039132882882884,0.7094277871621621,24.371875762939453,7.4492902755737305,23.486915588378906
e06b55bf935e76ac,train,e06b55bf935e76ac__compression__s3,compression,3,medium,1,444.0,640.0,0.69375,167.664502393018,62.09926201623043,0.07402871621621622,0.09378519144144144,0.0004082207207207207,0.001949605855855856,3.0,27.0,197.0,225.0,248.0,198.0,245.0,8114.294793941317,115.53343200683594,156.03199768066406,17.08880560247748,0.014868384009009009,0.8554300394144144,21.635799407958984,7.136505603790283,17.174156188964844
974f2af6d81f6562,train,974f2af6d81f6562__clean,none,0,none,0,640.0,480.0,1.3333333333333333,132.48745442708332,57.586253345563584,0.000908203125,0.005237630208333333,0.0,7.486979166666666e-05,44.0,48.0,131.0,198.0,204.0,150.0,160.0,914.4753269765113,48.423282623291016,82.4129638671875,47.6795703125,1.6276041666666666e-05,0.25396158854166667,8.723921775817871,6.8842902183532715,6.920594215393066
974f2af6d81f6562,train,974f2af6d81f6562__blur__s3,blur,3,medium,1,640.0,480.0,1.3333333333333333,132.47919270833333,55.50510906358783,0.00015625,0.0017513020833333332,0.0,0.0,45.0,48.0,131.0,197.0,199.0,149.0,154.0,9.33901483815511,22.393686294555664,34.098575592041016,46.902415364583334,0.0,0.25423828125,1.2881934642791748,6.833039283752441,1.4008605480194092
974f2af6d81f6562,train,974f2af6d81f6562__motion_blur__s3,motion_blur,3,medium,1,640.0,480.0,1.3333333333333333,132.47205729166666,55.56276721614455,0.000263671875,0.0029817708333333332,0.0,9.765625e-06,45.0,48.0,130.0,197.0,200.0,149.0,155.0,174.33933395588133,27.16142463684082,54.042179107666016,47.017890625,0.0,0.2530240885416667,4.521858215332031,6.859496116638184,3.015726089477539
974f2af6d81f6562,train,974f2af6d81f6562__underexposure__s3,underexposure,3,medium,1,640.0,480.0,1.3333333333333333,72.39757161458333,31.66501786012619,0.2377734375,0.0,0.0,0.0,24.0,26.0,72.0,108.0,112.0,82.0,88.0,250.50207242834304,26.693910598754883,45.236026763916016,48.242509765625,2.2786458333333334e-05,0.24354817708333334,4.710501670837402,6.019821643829346,3.6977877616882324
974f2af6d81f6562,train,974f2af6d81f6562__overexposure__s3,overexposure,3,medium,1,640.0,480.0,1.3333333333333333,183.642138671875,71.14201931688034,3.2552083333333335e-06,0.4769010416666667,0.0,0.086767578125,66.0,72.0,197.0,255.0,255.0,183.0,189.0,1328.279987304518,58.29507827758789,103.58734130859375,22.802848307291665,3.2552083333333335e-06,0.6542545572916667,10.658354759216309,6.335503101348877,8.023428916931152
974f2af6d81f6562,train,974f2af6d81f6562__noise__s3,noise,3,medium,1,640.0,480.0,1.3333333333333333,131.98833658854167,59.0794050214522,0.039498697916666665,0.022555338541666668,0.0,6.510416666666667e-06,28.0,42.0,134.0,209.0,222.0,167.0,194.0,4522.9407718626235,85.5551986694336,77.52285766601562,57.26359375,0.0007584635416666666,0.131953125,14.751225471496582,7.518427848815918,15.350478172302246
974f2af6d81f6562,train,974f2af6d81f6562__compression__s3,compression,3,medium,1,640.0,480.0,1.3333333333333333,132.49050130208335,57.528050684026354,0.0007877604166666666,0.005354817708333333,0.0,8.138020833333333e-05,44.0,48.0,131.0,198.0,205.0,150.0,161.0,713.2877551833152,45.523231506347656,83.34149169921875,47.131038411458334,9.765625e-05,0.26931966145833336,8.271492004394531,6.540590286254883,5.893328666687012
a044804a0b0186a1,train,a044804a0b0186a1__clean,none,0,none,0,640.0,315.0,2.0317460317460316,147.36174603174604,49.464709972521405,0.010208333333333333,0.21080357142857142,0.0003869047619047619,0.0013442460317460317,37.0,82.0,137.0,225.0,227.0,143.0,190.0,3280.748796159273,93.17293548583984,93.02075958251953,0.0,0.0,1.0,15.654837608337402,7.063372611999512,14.791823387145996
a044804a0b0186a1,train,a044804a0b0186a1__blur__s3,blur,3,medium,1,640.0,315.0,2.0317460317460316,147.36783234126983,44.61425476390429,0.0067708333333333336,0.19527281746031747,0.0,0.0,64.0,96.0,135.0,225.0,226.0,129.0,162.0,12.106249621677375,26.43754005432129,29.596193313598633,0.0,0.0,1.0,1.4804860353469849,6.666009902954102,1.8630790710449219
a044804a0b0186a1,train,a044804a0b0186a1__motion_blur__s3,motion_blur,3,medium,1,640.0,315.0,2.0317460317460316,147.36916666666667,46.68180564070957,0.0033779761904761904,0.20667162698412697,0.0,0.00013392857142857144,67.0,89.0,135.0,225.0,226.0,136.0,159.0,1073.6728314926766,66.16897583007812,70.62323760986328,0.0,0.0,1.0,10.106493949890137,6.873050689697266,9.544052124023438
a044804a0b0186a1,train,a044804a0b0186a1__underexposure__s3,underexposure,3,medium,1,640.0,315.0,2.0317460317460316,80.57436507936508,27.17977454722805,0.024826388888888887,0.0,0.0005357142857142857,0.0,20.0,45.0,75.0,123.0,125.0,78.0,105.0,926.0306166894753,51.21720886230469,51.12217330932617,0.0,0.0,1.0,8.495901107788086,6.199113845825195,8.029258728027344
a044804a0b0186a1,train,a044804a0b0186a1__overexposure__s3,overexposure,3,medium,1,640.0,315.0,2.0317460317460316,201.6302777777778,48.417969943140974,0.00804563492063492,0.4333829365079365,0.0003621031746031746,0.2576438492063492,55.0,123.0,205.0,255.0,255.0,132.0,200.0,5783.628304141643,122.1986083984375,122.8863525390625,0.0,0.0,1.0,21.04999351501465,6.210823059082031,19.560136795043945
a044804a0b0186a1,train,a044804a0b0186a1__noise__s3,noise,3,medium,1,640.0,315.0,2.0317460317460316,146.78193452380953,50.88438933897581,0.009910714285714285,0.15449900793650795,2.48015873015873e-05,9.92063492063492e-05,40.0,76.0,137.0,233.0,245.0,157.0,205.0,6734.211351824074,116.40142822265625,87.2677993774414,21.76544642857143,0.001939484126984127,0.6787053571428572,19.502914428710938,7.51306676864624,20.284502029418945
a044804a0b0186a1,train,a044804a0b0186a1__compression__s3,compression,3,medium,1,640.0,315.0,2.0317460317460316,147.36590773809525,49.34999522984711,0.009791666666666667,0.21228670634920635,0.0006795634920634921,0.0014484126984126984,41.0,82.0,137.0,226.0,228.0,144.0,187.0,2956.737623688173,92.63719940185547,93.28363037109375,0.0,0.0,1.0,15.337577819824219,6.888731956481934,14.336470603942871
1bb19f0a2a950a94,train,1bb19f0a2a950a94__clean,none,0,none,0,600.0,400.0,1.5,85.84082916666667,63.355074793940666,0.2910625,0.034216666666666666,0.0024291666666666667,0.0013208333333333334,1.0,4.0,76.0,205.0,248.0,201.0,247.0,3020.750378572483,105.11322021484375,126.93352508544922,91.8057375,0.07007916666666666,0.15496666666666667,14.8053560256958,7.692991256713867,13.827674865722656
1bb19f0a2a950a94,train,1bb19f0a2a950a94__blur__s3,blur,3,medium,1,600.0,400.0,1.5,85.83870416666667,57.29096973189419,0.249325,0.015995833333333334,0.00023333333333333333,0.0005208333333333333,1.0,4.0,81.0,190.0,223.0,186.0,222.0,28.63588262493056,51.15887451171875,55.545291900634766,84.86596666666667,0.04100416666666667,0.16053333333333333,2.3457584381103516,7.624387741088867,2.977369546890259
1bb19f0a2a950a94,train,1bb19f0a2a950a94__motion_blur__s3,motion_blur,3,medium,1,600.0,400.0,1.5,85.83917083333333,55.421705102596306,0.241875,0.008108333333333334,0.00038333333333333334,0.0001375,1.0,4.0,83.0,182.0,211.0,178.0,210.0,207.19164616493055,51.91286849975586,60.55111312866211,83.8716125,0.04250416666666667,0.17220416666666666,4.979351043701172,7.588613986968994,4.742701053619385
1bb19f0a2a950a94,train,1bb19f0a2a950a94__underexposure__s3,underexposure,3,medium,1,600.0,400.0,1.5,46.7372875,34.84280322116764,0.48265416666666666,0.0,0.028891666666666666,0.0,0.0,2.0,41.0,112.0,136.0,110.0,136.0,862.1196325382639,57.971920013427734,69.72615051269531,88.8881625,0.08128333333333333,0.19285,8.050457000732422,6.840147972106934,7.5361008644104
1bb19f0a2a950a94,train,1bb19f0a2a950a94__overexposure__s3,overexposure,3,medium,1,600.0,400.0,1.5,122.053125,83.00556785180764,0.21978333333333333,0.18547083333333333,0.0020708333333333334,0.026679166666666667,1.0,5.0,114.0,254.0,255.0,249.0,254.0,4902.700526089567,131.95370483398438,159.02268981933594,88.322175,0.06947916666666666,0.21397083333333333,18.861156463623047,7.750964164733887,17.564191818237305
1bb19f0a2a950a94,train,1bb19f0a2a950a94__noise__s3,noise,3,medium,1,600.0,400.0,1.5,86.37429166666666,62.98987105676804,0.2938625,0.036970833333333335,0.0022208333333333333,8.333333333333333e-05,1.0,5.0,76.0,206.0,243.0,201.0,242.0,6062.215278437066,124.3473892211914,120.61186218261719,98.3463125,0.110925,0.11810833333333333,18.346078872680664,7.745140075683594,19.024429321289062
1bb19f0a2a950a94,train,1bb19f0a2a950a94__compression__s3,compression,3,medium,1,600.0,400.0,1.5,85.86514583333333,63.105726841444955,0.28984166666666666,0.034279166666666666,0.0035958333333333333,0.0008083333333333333,2.0,4.0,76.0,204.0,246.0,200.0,244.0,2502.4835103366495,105.82109832763672,125.18695831298828,89.41211666666666,0.08287916666666667,0.17317083333333333,14.24710750579834,7.656741142272949,13.270787239074707
4f26c847c2f49574,train,4f26c847c2f49574__clean,none,0,none,0,640.0,480.0,1.3333333333333333,109.01034505208334,61.09870752273445,0.14235677083333334,0.059964192708333336,0.0005891927083333334,0.0018977864583333334,6.0,16.0,104.0,220.0,253.0,204.0,247.0,1466.8202716867129,61.1438102722168,111.82699584960938,77.25288411458334,0.019303385416666666,0.229560546875,11.206323623657227,7.819907188415527,8.523088455200195
4f26c847c2f49574,train,4f26c847c2f49574__blur__s3,blur,3,medium,1,640.0,480.0,1.3333333333333333,108.98935546875,57.501114040169874,0.116650390625,0.04886393229166667,0.0,0.0006901041666666667,11.0,21.0,103.0,215.0,251.0,194.0,240.0,16.689373563596938,32.63970184326172,48.117431640625,73.91242838541666,0.0064453125,0.23524088541666666,1.780622959136963,7.741629600524902,1.9323989152908325
4f26c847c2f49574,train,4f26c847c2f49574__motion_blur__s3,motion_blur,3,medium,1,640.0,480.0,1.3333333333333333,108.98712565104167,56.88990521499338,0.1147265625,0.04468424479166667,0.0,0.0006184895833333333,12.0,21.0,104.0,213.0,248.0,192.0,236.0,256.75589688821367,36.286685943603516,68.57559204101562,73.97554361979167,0.005250651041666667,0.23672200520833334,5.467483043670654,7.739278316497803,3.4968342781066895
4f26c847c2f49574,train,4f26c847c2f49574__underexposure__s3,underexposure,3,medium,1,640.0,480.0,1.3333333333333333,59.489228515625,33.59388286587863,0.320009765625,0.0,0.0015657552083333333,0.0,3.0,8.0,57.0,120.0,139.0,112.0,136.0,421.00185041808027,33.770206451416016,61.42144775390625,79.090205078125,0.023349609375,0.2287109375,6.109898090362549,6.9630231857299805,4.612103462219238
4f26c847c2f49574,train,4f26c847c2f49574__overexposure__s3,overexposure,3,medium,1,640.0,480.0,1.3333333333333333,153.17740559895833,75.7590122134016,0.09979166666666667,0.28835611979166664,0.00028645833333333333,0.06010416666666667,9.0,23.0,155.0,255.0,255.0,232.0,246.0,2429.3828471881443,75.04422760009766,143.07337951660156,70.77276692708334,0.017913411458333334,0.27774739583333335,14.401702880859375,7.690262794494629,10.490699768066406
4f26c847c2f49574,train,4f26c847c2f49574__noise__s3,noise,3,medium,1,640.0,480.0,1.3333333333333333,108.65349934895833,61.39067809709144,0.14684244791666667,0.05698893229166667,0.000546875,0.00025065104166666665,4.0,15.0,104.0,220.0,248.0,205.0,244.0,4787.5901401170095,94.06129455566406,103.5012435913086,87.45802083333334,0.049684244791666665,0.147119140625,15.929040908813477,7.870163917541504,16.182096481323242
4f26c847c2f49574,train,4f26c847c2f49574__compression__s3,compression,3,medium,1,640.0,480.0,1.3333333333333333,109.024140625,60.94349118446578,0.141142578125,0.05980794270833333,0.0009244791666666667,0.0008626302083333333,6.0,16.0,104.0,219.0,252.0,203.0,246.0,1287.1870768550873,60.14287185668945,111.18873596191406,77.437197265625,0.022923177083333333,0.23331380208333333,10.871182441711426,7.769590377807617,7.845891952514648
37e5625d5de54eb5,train,37e5625d5de54eb5__clean,none,0,none,0,640.0,361.0,1.7728531855955678,82.04456371191135,52.61072437046198,0.3265625,0.0015192174515235458,3.895429362880886e-05,4.32825484764543e-06,5.0,13.0,80.0,158.0,172.0,145.0,167.0,868.1394989631373,41.544822692871094,69.25181579589844,164.34062067174514,0.3091153047091413,0.0012465373961218836,7.3556294441223145,7.316154479980469,6.2376580238342285
37e5625d5de54eb5,train,37e5625d5de54eb5__blur__s3,blur,3,medium,1,640.0,361.0,1.7728531855955678,82.01022766620498,50.81528535346549,0.30660058864265927,0.0,0.0,0.0,5.0,14.0,80.0,157.0,167.0,143.0,162.0,8.883425437368803,22.231128692626953,32.28138732910156,162.85388677285317,0.30318559556786706,0.00042416897506925206,1.2172385454177856,7.256800651550293,1.3026031255722046
37e5625d5de54eb5,train,37e5625d5de54eb5__motion_blur__s3,motion_blur,3,medium,1,640.0,361.0,1.7728531855955678,82.00876904432133,49.96947069320136,0.300549688365651,1.731301939058172e-05,0.0,0.0,6.0,15.0,79.0,157.0,166.0,142.0,160.0,38.73535006709395,21.846403121948242,30.70611572265625,162.81455592105263,0.29892659279778394,0.0004587950138504155,2.104576587677002,7.258766174316406,1.7382895946502686
37e5625d5de54eb5,train,37e5625d5de54eb5__underexposure__s3,underexposure,3,medium,1,640.0,361.0,1.7728531855955678,44.64250346260388,28.917378320664398,0.4750952216066482,0.0,0.00042416897506925206,0.0,2.0,7.0,44.0,87.0,94.0,80.0,92.0,211.37563501611453,22.750263214111328,38.0067138671875,169.00453168282547,0.32789127423822717,0.001956371191135734,3.8553082942962646,6.446938514709473,3.169262409210205
37e5625d5de54eb5,train,37e5625d5de54eb5__overexposure__s3,overexposure,3,medium,1,640.0,361.0,1.7728531855955678,120.3563582063712,75.65227785099027,0.22468836565096953,0.14392745844875346,4.32825484764543e-06,8.65650969529086e-06,7.0,19.0,120.0,228.0,240.0,209.0,233.0,1310.4741162715975,55.642051696777344,94.21649932861328,162.68331890581717,0.30820637119113575,0.0014369806094182826,9.418200492858887,7.780132293701172,7.799755096435547
37e5625d5de54eb5,train,37e5625d5de54eb5__noise__s3,noise,3,medium,1,640.0,361.0,1.7728531855955678,82.41869373268698,53.223632028704195,0.3070463988919668,0.0015451869806094184,0.0007747576177285319,0.0,3.0,9.0,79.0,164.0,182.0,155.0,179.0,4025.407299687058,74.97980499267578,66.9148178100586,164.23166984072023,0.31800121191135733,0.006336565096952909,13.357379913330078,7.477657318115234,13.881943702697754
37e5625d5de54eb5,train,37e5625d5de54eb5__compression__s3,compression,3,medium,1,640.0,361.0,1.7728531855955678,82.09726454293629,52.396188513785255,0.3231388504155125,0.0013677285318559557,4.7610803324099725e-05,0.0,4.0,13.0,80.0,158.0,171.0,145.0,167.0,451.4057859560592,38.79301452636719,68.39163208007812,162.48078254847644,0.3036790166204986,0.007332063711911358,6.206271171569824,7.245293617248535,4.607264041900635
039f3bfb862023bd,train,039f3bfb862023bd__clean,none,0,none,0,640.0,419.0,1.5274463007159904,108.26756414081146,72.00453296857384,0.2678326372315036,0.07664826968973747,0.0018160799522673032,0.0010777147971360382,3.0,10.0,106.0,222.0,245.0,212.0,242.0,1242.5890736871286,57.084896087646484,87.88929748535156,49.78341288782816,0.012596957040572792,0.36232473150357997,9.722753524780273,7.832239627838135,8.2823486328125
039f3bfb862023bd,train,039f3bfb862023bd__blur__s3,blur,3,medium,1,640.0,419.0,1.5274463007159904,108.26634844868735,69.90132002900545,0.2586664677804296,0.06457338902147972,0.0,0.00020510143198090692,4.0,13.0,108.0,219.0,238.0,206.0,234.0,11.792877383074828,28.662582397460938,40.62504577636719,45.93802580548926,0.002114409307875895,0.37847180787589496,1.465815544128418,7.793257713317871,1.7010823488235474
039f3bfb862023bd,train,039f3bfb862023bd__motion_blur__s3,motion_blur,3,medium,1,640.0,419.0,1.5274463007159904,108.27619704653938,68.75842415478962,0.24877312052505968,0.05237917661097852,0.0,1.8645584725536994e-05,4.0,13.0,108.0,216.0,235.0,203.0,231.0,83.50662250083249,29.67603302001953,40.49671173095703,44.878919301909306,0.0029124403341288783,0.3915013424821002,3.0866146087646484,7.799740791320801,2.603614091873169
039f3bfb862023bd,train,039f3bfb862023bd__underexposure__s3,underexposure,3,medium,1,640.0,419.0,1.5274463007159904,59.067948239856804,39.60551754641062,0.3941527446300716,0.0,0.00487395584725537,0.0,1.0,5.0,58.0,122.0,134.0,117.0,133.0,349.4458010000797,31.287200927734375,48.234745025634766,50.73675417661098,0.01978296539379475,0.3733256264916468,5.243917465209961,6.970728874206543,4.470097541809082
039f3bfb862023bd,train,039f3bfb862023bd__overexposure__s3,overexposure,3,medium,1,640.0,419.0,1.5274463007159904,148.85255817422436,90.05429718286042,0.14043481503579952,0.3525059665871122,0.001178400954653938,0.15351282816229117,4.0,15.0,159.0,255.0,255.0,240.0,251.0,2041.4494194986307,63.08245849609375,110.96839141845703,46.603281622911695,0.014155727923627685,0.4059591288782816,12.084753036499023,7.056293487548828,9.547019004821777
039f3bfb862023bd,train,039f3bfb862023bd__noise__s3,noise,3,medium,1,640.0,419.0,1.5274463007159904,108.2386000894988,72.15163399759942,0.2510590692124105,0.08179072195704057,0.0009210918854415275,0.0002088305489260143,2.0,10.0,105.0,226.0,245.0,216.0,243.0,4602.653564362735,87.1114501953125,83.17196655273438,63.29463752983293,0.043559815035799525,0.29065856205250595,14.981256484985352,7.898354530334473,15.453760147094727
039f3bfb862023bd,train,039f3bfb862023bd__compression__s3,compression,3,medium,1,640.0,419.0,1.5274463007159904,108.27574955250597,71.903512055154,0.26676983890214795,0.07781175417661097,0.0014468973747016707,0.0005258054892601432,3.0,10.0,106.0,223.0,245.0,213.0,242.0,961.3906972354956,55.387760162353516,87.87104797363281,46.044891109785205,0.009941825775656325,0.39369033412887827,9.131823539733887,7.778847694396973,7.384558200836182
b2cc81a8ab0c23da,train,b2cc81a8ab0c23da__clean,none,0,none,0,640.0,427.0,1.4988290398126465,123.13629244730679,58.76354375911932,0.14101653981264636,0.01998682669789227,1.4637002341920375e-05,0.0005379098360655738,16.0,24.0,140.0,195.0,235.0,171.0,219.0,951.26514041248,50.144596099853516,89.94831848144531,56.58416642271663,0.043259660421545665,0.3995718676814988,8.425642967224121,7.566972255706787,5.283357620239258
b2cc81a8ab0c23da,train,b2cc81a8ab0c23da__blur__s3,blur,3,medium,1,640.0,427.0,1.4988290398126465,123.13232581967213,56.135460564541006,0.11421984777517565,0.014201551522248244,0.0,6.22072599531616e-05,19.0,28.0,139.0,192.0,223.0,164.0,204.0,13.420289714295976,33.2491569519043,43.6555290222168,54.777868852459015,0.04021882318501171,0.41056425644028105,1.5575542449951172,7.531776428222656,1.671927571296692
b2cc81a8ab0c23da,train,b2cc81a8ab0c23da__motion_blur__s3,motion_blur,3,medium,1,640.0,427.0,1.4988290398126465,123.13643881733022,54.67311755480082,0.09355240046838408,0.013799033957845434,0.0,0.00015734777517564403,21.0,31.0,137.0,191.0,222.0,160.0,201.0,60.173203097885015,30.77950096130371,41.643592834472656,54.533804156908666,0.039201551522248246,0.40863583138173304,2.693694829940796,7.528589248657227,1.8887633085250854
b2cc81a8ab0c23da,train,b2cc81a8ab0c23da__underexposure__s3,underexposure,3,medium,1,640.0,427.0,1.4988290398126465,67.24073111826698,32.316894228836176,0.25665983606557374,0.0,3.659250585480094e-05,0.0,8.0,13.0,76.0,107.0,129.0,94.0,121.0,274.5007454643155,27.83461570739746,49.41854476928711,57.640709162763464,0.04536372950819672,0.39155810889929743,4.603848457336426,6.708890438079834,2.944559335708618
b2cc81a8ab0c23da,train,b2cc81a8ab0c23da__overexposure__s3,overexposure,3,medium,1,640.0,427.0,1.4988290398126465,175.93718164519908,79.30905276909955,0.06374780444964871,0.4616364168618267,3.6592505854800937e-06,0.1661409543325527,24.789999999999964,36.0,207.0,255.0,255.0,219.0,230.21000000000004,1452.4550315101403,60.78252029418945,116.1401596069336,50.324041276346605,0.033639490632318504,0.4501207552693208,10.463473320007324,6.957461833953857,6.559608459472656
b2cc81a8ab0c23da,train,b2cc81a8ab0c23da__noise__s3,noise,3,medium,1,640.0,427.0,1.4988290398126465,122.75306645199063,59.752824336692456,0.1317879098360656,0.024681645199063233,6.586651053864169e-05,9.879976580796254e-05,8.0,21.0,138.0,203.0,235.0,182.0,227.0,4446.748828199985,85.67903137207031,84.3407211303711,70.40605971896956,0.04938524590163934,0.27214212529274007,14.404934883117676,7.726558685302734,14.674777030944824
b2cc81a8ab0c23da,train,b2cc81a8ab0c23da__compression__s3,compression,3,medium,1,640.0,427.0,1.4988290398126465,123.13176961358313,58.6788046795353,0.13848067915690868,0.019851434426229508,4.025175644028103e-05,0.00020857728337236533,15.0,24.0,140.0,195.0,233.0,171.0,218.0,818.2946766163003,50.97554016113281,88.87764739990234,57.92403395784543,0.04536372950819672,0.3997401932084309,8.165313720703125,7.553728103637695,5.180725574493408
235537407867a7b8,train,235537407867a7b8__clean,none,0,none,0,640.0,480.0,1.3333333333333333,79.55051432291667,56.342803482723184,0.36151692708333333,0.0040885416666666665,0.011165364583333334,0.0,0.0,3.0,98.0,150.0,176.0,147.0,176.0,709.9334309405855,36.764198303222656,70.89424133300781,148.52215494791668,0.22706380208333332,0.012298177083333334,6.863987922668457,7.04678201675415,5.697877407073975
235537407867a7b8,train,235537407867a7b8__blur__s3,blur,3,medium,1,640.0,480.0,1.3333333333333333,79.553056640625,54.77504823321673,0.35288411458333335,0.0006282552083333333,4.8828125e-05,0.0,2.0,3.0,100.0,147.0,164.0,144.0,162.0,8.582301431433358,16.932085037231445,35.91811752319336,149.62742513020834,0.246416015625,0.0042936197916666665,1.2227379083633423,6.9254302978515625,1.0612308979034424
235537407867a7b8,train,235537407867a7b8__motion_blur__s3,motion_blur,3,medium,1,640.0,480.0,1.3333333333333333,79.54585286458334,54.56143684878902,0.352255859375,0.0010123697916666666,0.000205078125,0.0,2.0,3.0,101.0,146.0,161.0,143.0,159.0,41.39378909297519,18.352197647094727,41.11711883544922,149.134462890625,0.24446614583333334,0.004938151041666667,2.3370938301086426,6.914447784423828,1.7194201946258545
235537407867a7b8,train,235537407867a7b8__underexposure__s3,underexposure,3,medium,1,640.0,480.0,1.3333333333333333,43.27648111979167,30.992836352867208,0.428359375,0.0,0.020869140625,0.0,0.0,1.0,54.0,82.0,96.0,81.0,96.0,163.76183268228104,19.81094741821289,39.42678451538086,148.45008138020833,0.2546028645833333,0.033001302083333336,3.587090253829956,6.151165962219238,2.785505771636963
235537407867a7b8,train,235537407867a7b8__overexposure__s3,overexposure,3,medium,1,640.0,480.0,1.3333333333333333,116.49878255208333,81.10444585742965,0.319990234375,0.04985026041666667,0.0069759114583333335,0.00021158854166666667,1.0,4.0,146.0,215.0,245.0,211.0,244.0,920.2131104634497,47.0243034362793,82.77444458007812,146.84457356770832,0.22656901041666666,0.014329427083333334,7.980415344238281,7.483643054962158,6.797239780426025
235537407867a7b8,train,235537407867a7b8__noise__s3,noise,3,medium,1,640.0,480.0,1.3333333333333333,80.750068359375,55.25729682616034,0.34979166666666667,0.004127604166666667,0.003352864583333333,6.510416666666667e-06,1.0,4.0,94.0,156.0,181.0,152.0,180.0,3518.6833612975647,67.34233856201172,69.73817443847656,140.99904947916667,0.19640299479166667,0.011083984375,12.507648468017578,7.27504825592041,12.682486534118652
235537407867a7b8,train,235537407867a7b8__compression__s3,compression,3,medium,1,640.0,480.0,1.3333333333333333,79.52368489583333,56.12584242328685,0.361240234375,0.0038248697916666665,0.0003515625,0.0,2.0,2.0,99.0,149.0,176.0,147.0,174.0,328.27967416568333,30.4121150970459,70.38972473144531,144.14694986979165,0.225087890625,0.038177083333333334,5.6428961753845215,6.874537467956543,3.5374059677124023
99479f61ef2931ea,train,99479f61ef2931ea__clean,none,0,none,0,427.0,640.0,0.6671875,120.12901419789227,63.60836640518321,0.14477459016393443,0.028450673302107727,5.85480093676815e-05,0.0,8.0,13.0,131.0,207.0,228.0,194.0,220.0,825.5517839060713,38.84292221069336,65.38028717041016,77.2337199941452,0.03462016978922717,0.004456967213114754,7.586158275604248,7.690129280090332,5.916131973266602
99479f61ef2931ea,train,99479f61ef2931ea__blur__s3,blur,3,medium,1,427.0,640.0,0.6671875,120.11712163348946,62.37321198058286,0.13467505854800937,0.02346677400468384,0.0,0.0,9.0,14.0,131.0,205.0,225.0,191.0,216.0,6.714093580277617,17.95830535888672,28.351970672607422,75.44840456674473,0.02686255854800937,0.0024407201405152227,1.0478882789611816,7.6348557472229,1.1093493700027466
99479f61ef2931ea,train,99479f61ef2931ea__motion_blur__s3,motion_blur,3,medium,1,427.0,640.0,0.6671875,120.11483094262294,62.08330133956139,0.13210626463700234,0.021172423887587822,0.0,0.0,8.0,14.0,131.0,204.0,225.0,190.0,217.0,63.608240984090216,19.357486724853516,34.35068893432617,75.23933694379392,0.025834309133489462,0.003081088992974239,2.660926580429077,7.642273902893066,1.9025309085845947
99479f61ef2931ea,train,99479f61ef2931ea__underexposure__s3,underexposure,3,medium,1,427.0,640.0,0.6671875,65.588912470726,35.00378668065395,0.3038275761124122,0.0,0.00031469555035128807,0.0,4.0,7.0,71.0,113.0,125.0,106.0,121.0,229.33445400976524,21.351625442504883,35.80941390991211,79.55635977751757,0.04104947306791569,0.005734045667447307,4.071664333343506,6.829151630401611,3.1953938007354736
99479f61ef2931ea,train,99479f61ef2931ea__overexposure__s3,overexposure,3,medium,1,427.0,640.0,0.6671875,168.83489095433256,82.60098414459276,0.12504757025761123,0.4217542447306792,1.0977751756440281e-05,0.09583577283372366,11.0,19.0,196.0,255.0,255.0,236.0,244.0,1469.623184396715,45.03663635253906,87.56304168701172,60.4841481264637,0.03456894028103045,0.2577027224824356,9.942488670349121,7.226656913757324,6.994528293609619
99479f61ef2931ea,train,99479f61ef2931ea__noise__s3,noise,3,medium,1,427.0,640.0,0.6671875,120.00465822599531,64.07053078612235,0.15066964285714285,0.03913934426229508,0.00043911007025761124,1.0977751756440281e-05,3.0,13.0,129.0,212.0,232.0,199.0,229.0,4256.3973592199745,75.23493194580078,63.219364166259766,79.78393954918033,0.05141612997658079,0.022090895784543325,13.843448638916016,7.841782569885254,14.280728340148926
99479f61ef2931ea,train,99479f61ef2931ea__compression__s3,compression,3,medium,1,427.0,640.0,0.6671875,120.13554961943794,63.52023478967231,0.14414885831381732,0.028366510538641688,3.6592505854800937e-06,0.0,8.0,13.0,131.0,207.0,228.0,194.0,220.0,615.7922096931915,38.49131393432617,64.40576171875,76.87944233021078,0.034466481264637,0.004768003512880562,6.984053134918213,7.637917995452881,5.279033184051514
a4cd7f45ac1ce27e,train,a4cd7f45ac1ce27e__clean,none,0,none,0,640.0,483.0,1.3250517598343685,68.54407026397516,45.562407561059295,0.2846596790890269,0.017161620082815736,0.003406444099378882,0.0002911490683229814,1.0,6.0,66.0,146.0,239.0,140.0,238.0,4096.928093756469,87.58139038085938,106.69055938720703,93.44701410455487,0.05206392339544513,0.1125194099378882,15.69150161743164,7.29881477355957,13.45422649383545
a4cd7f45ac1ce27e,train,a4cd7f45ac1ce27e__blur__s3,blur,3,medium,1,640.0,483.0,1.3250517598343685,68.54305447722567,39.503331693589736,0.2429574275362319,0.005580357142857143,0.0,1.6174948240165633e-05,4.0,12.0,65.0,141.0,190.0,129.0,186.0,16.231644668360314,33.338077545166016,35.884063720703125,85.1531994047619,0.0020865683229813665,0.1083495082815735,1.7203351259231567,7.195765018463135,2.1723945140838623
a4cd7f45ac1ce27e,train,a4cd7f45ac1ce27e__motion_blur__s3,motion_blur,3,medium,1,640.0,483.0,1.3250517598343685,68.54407026397516,38.89404427037953,0.24123964803312628,0.004402820910973085,3.2349896480331263e-06,3.881987577639752e-05,5.0,13.0,65.0,141.0,187.0,128.0,182.0,265.81431016152277,38.97349166870117,52.26353073120117,84.79981237060042,0.008643892339544514,0.10355848861283644,5.257206439971924,7.188210964202881,4.333276748657227
a4cd7f45ac1ce27e,train,a4cd7f45ac1ce27e__underexposure__s3,underexposure,3,medium,1,640.0,483.0,1.3250517598343685,37.23611542443064,25.053400938289176,0.5620179865424431,0.0,0.007472826086956522,0.0,1.0,3.0,36.0,80.0,132.0,77.0,131.0,1165.9575272721077,48.04065704345703,58.79256057739258,95.27539790372671,0.06196946169772257,0.11236736542443064,8.492762565612793,6.42997407913208,7.265687465667725
a4cd7f45ac1ce27e,train,a4cd7f45ac1ce27e__overexposure__s3,overexposure,3,medium,1,640.0,483.0,1.3250517598343685,99.77876876293996,60.09928421954331,0.18854166666666666,0.05056935817805383,0.002384187370600414,0.003309394409937888,2.0,9.0,98.0,216.0,251.0,207.0,249.0,6262.809935921743,118.1365966796875,135.983154296875,92.30319616977226,0.049938535196687374,0.11327316252587992,19.826513290405273,7.7745466232299805,18.085468292236328
a4cd7f45ac1ce27e,train,a4cd7f45ac1ce27e__noise__s3,noise,3,medium,1,640.0,483.0,1.3250517598343685,68.83357595755693,46.067391494634,0.290628234989648,0.01712603519668737,0.0012390010351966874,8.087474120082816e-05,2.0,7.0,65.0,148.0,235.0,141.0,233.0,7224.5583018520865,109.00517272949219,99.35526275634766,106.50347761387164,0.10281444099378882,0.06791537267080745,19.062511444091797,7.339162826538086,18.86216926574707
a4cd7f45ac1ce27e,train,a4cd7f45ac1ce27e__compression__s3,compression,3,medium,1,640.0,483.0,1.3250517598343685,68.56647256728779,45.222099572345506,0.28106237060041406,0.016935170807453416,0.0027594461697722566,0.00018115942028985507,2.0,7.0,65.0,147.0,236.0,140.0,234.0,3821.9361019142357,87.05393981933594,104.91779327392578,93.51066576086957,0.062056806418219465,0.11650815217391304,15.349346160888672,7.294612884521484,12.66944408416748
1bb3ef4577a7c11c,train,1bb3ef4577a7c11c__clean,none,0,none,0,640.0,427.0,1.4988290398126465,58.29081528103045,66.44996609331362,0.5537946428571429,0.011855971896955503,0.1404091042154567,0.0,0.0,0.0,31.0,192.0,219.0,192.0,219.0,481.9892885433357,31.4544677734375,71.40990447998047,86.1169350117096,0.17541349531615924,0.3118413348946136,6.1274518966674805,6.756216049194336,3.3538384437561035
1bb3ef4577a7c11c,train,1bb3ef4577a7c11c__blur__s3,blur,3,medium,1,640.0,427.0,1.4988290398126465,58.301401492974236,65.13981701404786,0.5500146370023419,0.007450234192037471,0.13381513466042155,0.0,0.0,0.0,32.0,189.0,210.0,189.0,210.0,7.775947721143318,21.12799644470215,36.66783142089844,83.7380525468384,0.17186036299765808,0.31898053278688526,1.1768101453781128,6.783688545227051,1.0635713338851929
1bb3ef4577a7c11c,train,1bb3ef4577a7c11c__motion_blur__s3,motion_blur,3,medium,1,640.0,427.0,1.4988290398126465,58.30478264051522,64.91818721275664,0.5551339285714286,0.0072526346604215456,0.13399809718969555,0.0,0.0,0.0,31.0,188.0,208.0,188.0,208.0,46.92871777717067,22.056882858276367,41.71354293823242,82.76319525761124,0.16587382903981265,0.31290983606557377,2.4410128593444824,6.809164047241211,1.5716581344604492
1bb3ef4577a7c11c,train,1bb3ef4577a7c11c__underexposure__s3,underexposure,3,medium,1,640.0,427.0,1.4988290398126465,31.67083943208431,36.470167824837574,0.7104874121779859,0.0,0.17708577283372365,0.0,0.0,0.0,17.0,105.0,120.0,105.0,120.0,138.74009060458704,17.341232299804688,39.30171585083008,79.80170887002342,0.1581235362997658,0.36539812646370023,3.3469531536102295,5.9185686111450195,1.8392165899276733
1bb3ef4577a7c11c,train,1bb3ef4577a7c11c__overexposure__s3,overexposure,3,medium,1,640.0,427.0,1.4988290398126465,83.15034762880562,91.30544700008004,0.475274443793911,0.17533665105386417,0.1389527224824356,0.07120901639344263,0.0,0.0,46.0,255.0,255.0,255.0,255.0,711.8765687461002,38.695762634277344,89.51100158691406,83.52350702576112,0.17931059718969555,0.35052693208430913,7.403927803039551,6.711024284362793,4.031256675720215
1bb3ef4577a7c11c,train,1bb3ef4577a7c11c__noise__s3,noise,3,medium,1,640.0,427.0,1.4988290398126465,60.82581235362998,64.9081054815202,0.5431864754098361,0.0148346018735363,0.008910275175644028,0.0,1.0,2.0,32.0,193.0,222.0,191.0,221.0,3108.7544057312243,64.9243392944336,69.5868911743164,110.3508818793911,0.18300278103044496,0.12394979508196721,11.864581108093262,7.163907527923584,11.746087074279785
1bb3ef4577a7c11c,train,1bb3ef4577a7c11c__compression__s3,compression,3,medium,1,640.0,427.0,1.4988290398126465,58.2709675058548,66.40040411604966,0.5526236826697892,0.011544935597189696,0.165625,0.0,0.0,0.0,31.0,192.0,219.0,192.0,219.0,400.0337090073417,30.980993270874023,71.06129455566406,76.8973799765808,0.15329698477751758,0.3598726580796253,5.89976692199707,6.591595649719238,3.0803887844085693
8a52b7177994a207,train,8a52b7177994a207__clean,none,0,none,0,640.0,459.0,1.3943355119825709,112.17480936819172,63.0126681009033,0.16544117647058823,0.06228894335511983,0.00013956971677559914,2.3828976034858387e-05,4.0,14.0,113.0,220.0,235.0,206.0,231.0,4973.431671442462,105.35551452636719,143.57508850097656,72.61407611655774,0.08069512527233115,0.31333401416122003,18.388208389282227,7.85988712310791,16.345041275024414
8a52b7177994a207,train,8a52b7177994a207__blur__s3,blur,3,medium,1,640.0,459.0,1.3943355119825709,112.16864106753813,55.86027973550918,0.12747140522875816,0.03775871459694989,0.0,0.0,9.0,20.0,117.0,205.0,226.0,185.0,217.0,27.080460212952286,44.912296295166016,56.95815658569336,65.48244485294117,0.0353656045751634,0.32068014705882353,2.2993004322052,7.696034908294678,2.7579691410064697
8a52b7177994a207,train,8a52b7177994a207__motion_blur__s3,motion_blur,3,medium,1,640.0,459.0,1.3943355119825709,112.16419866557735,55.942462821234415,0.12293368736383442,0.03673747276688453,0.0,0.0,9.0,20.0,117.0,204.0,226.0,184.0,217.0,659.1577267140176,58.43746566772461,88.57161712646484,65.23790168845316,0.038259123093681915,0.32016952614379085,8.4237699508667,7.713805198669434,6.851372241973877
8a52b7177994a207,train,8a52b7177994a207__underexposure__s3,underexposure,3,medium,1,640.0,459.0,1.3943355119825709,61.23994417211329,34.62758337730831,0.2970452069716776,0.0,0.0008238017429193899,0.0,2.0,7.0,62.0,121.0,129.0,114.0,127.0,1429.0057554977477,58.01011657714844,78.92935943603516,74.26104643246187,0.08899441721132897,0.2676062091503268,10.016459465026855,6.996997833251953,8.859235763549805
8a52b7177994a207,train,8a52b7177994a207__overexposure__s3,overexposure,3,medium,1,640.0,459.0,1.3943355119825709,157.23311887254903,79.7282392826734,0.11114515250544663,0.319910811546841,6.467864923747276e-05,0.06640114379084967,6.0,20.0,169.0,255.0,255.0,235.0,249.0,7904.599188088225,128.95095825195312,174.27798461914062,66.46743940631808,0.07743736383442265,0.40959967320261437,22.877727508544922,7.568416118621826,20.22393226623535
8a52b7177994a207,train,8a52b7177994a207__noise__s3,noise,3,medium,1,640.0,459.0,1.3943355119825709,112.12620166122004,63.369352081619006,0.16385825163398693,0.05920479302832244,0.00033020152505446623,1.0212418300653594e-05,4.0,14.0,112.0,219.0,240.0,205.0,236.0,8027.063751815542,126.13164520263672,135.84400939941406,76.57477192265796,0.08858932461873638,0.20483047385620914,21.298513412475586,7.894098281860352,21.181808471679688
8a52b7177994a207,train,8a52b7177994a207__compression__s3,compression,3,medium,1,640.0,459.0,1.3943355119825709,112.24145220588235,62.620863012778514,0.16316721132897605,0.06188044662309368,0.0002553104575163399,5.787037037037037e-05,4.0,14.0,114.0,220.0,235.0,206.0,231.0,3987.2994261820527,105.66695404052734,141.8140106201172,71.15440836056645,0.07680759803921569,0.32402641612200433,17.576095581054688,7.845586776733398,15.220702171325684
c075f51a798e65d2,train,c075f51a798e65d2__clean,none,0,none,0,640.0,363.0,1.7630853994490359,153.26130337465565,55.359015818492686,0.024509297520661156,0.08930354683195592,0.00034004820936639116,0.00019800275482093665,19.0,63.0,163.0,223.0,241.0,160.0,222.0,5703.191770339287,92.6500015258789,135.0102081298828,55.08609245867768,0.07708763774104684,0.5136363636363637,18.318241119384766,7.559349060058594,14.05886459350586
c075f51a798e65d2,train,c075f51a798e65d2__blur__s3,blur,3,medium,1,640.0,363.0,1.7630853994490359,153.26483729338844,48.350026136065,0.004674586776859504,0.04653495179063361,0.0,0.0,56.0,73.0,160.0,215.0,227.0,142.0,171.0,21.77670870310256,35.314918518066406,44.673255920410156,52.73200757575758,0.0709409435261708,0.5145187672176309,1.98933744430542,7.353347301483154,2.262550115585327
c075f51a798e65d2,train,c075f51a798e65d2__motion_blur__s3,motion_blur,3,medium,1,640.0,363.0,1.7630853994490359,153.26352875344352,48.108161653852335,0.0028710399449035813,0.04737000688705234,0.0,0.0,58.0,73.0,160.0,215.0,228.0,142.0,170.0,259.3934381135708,40.932498931884766,58.20927429199219,52.68274362947658,0.07020919421487604,0.5113119834710744,5.317546844482422,7.360462188720703,4.320345401763916
c075f51a798e65d2,train,c075f51a798e65d2__underexposure__s3,underexposure,3,medium,1,640.0,363.0,1.7630853994490359,83.82303288567493,30.450208826742685,0.08321280991735537,0.0,0.0006887052341597796,0.0,10.0,34.0,89.0,122.0,132.0,88.0,122.0,1687.9579533121612,51.1558952331543,74.22006225585938,55.717992424242425,0.07985537190082645,0.513864497245179,10.036791801452637,6.695284366607666,7.691708564758301
c075f51a798e65d2,train,c075f51a798e65d2__overexposure__s3,overexposure,3,medium,1,640.0,363.0,1.7630853994490359,205.87800878099173,60.815091053031324,0.014170110192837466,0.5757661845730028,0.00034004820936639116,0.3154442148760331,28.0,95.0,243.0,255.0,255.0,160.0,227.0,8120.55645825461,94.5669174194336,160.42233276367188,50.09039686639118,0.07770747245179063,0.5708505509641874,21.507871627807617,5.731575965881348,14.91702651977539
c075f51a798e65d2,train,c075f51a798e65d2__noise__s3,noise,3,medium,1,640.0,363.0,1.7630853994490359,152.77304149449037,56.58513586222219,0.026540977961432507,0.12413911845730027,5.595730027548209e-05,7.317493112947658e-05,17.0,57.0,162.0,229.0,245.0,172.0,228.0,9067.238494138812,122.6038589477539,124.04878234863281,61.19896263774105,0.07307162534435262,0.4359676308539945,21.60808563232422,7.700563430786133,21.033479690551758
c075f51a798e65d2,train,c075f51a798e65d2__compression__s3,compression,3,medium,1,640.0,363.0,1.7630853994490359,153.265715392562,55.30696660401466,0.024130509641873278,0.0884125344352617,0.0005337465564738292,0.0003744834710743802,18.0,64.0,164.0,222.0,242.0,158.0,224.0,5415.271728191961,93.39582824707031,135.22055053710938,54.978258436639116,0.07886966253443527,0.5127367424242424,18.309066772460938,7.457733154296875,13.71506118774414
8795ff243cf20405,train,8795ff243cf20405__clean,none,0,none,0,640.0,480.0,1.3333333333333333,88.27126953125,29.95939298359668,0.027005208333333332,0.0021223958333333333,0.0,0.0,23.0,53.0,83.0,160.0,184.0,107.0,161.0,1188.1782291791174,62.438228607177734,66.2550048828125,93.58628255208333,0.000732421875,0.018733723958333334,9.343887329101562,6.535659313201904,9.059962272644043
8795ff243cf20405,train,8795ff243cf20405__blur__s3,blur,3,medium,1,640.0,480.0,1.3333333333333333,88.28030598958334,26.079425013235124,0.018606770833333335,0.0,0.0,0.0,29.0,62.0,83.0,154.0,164.0,92.0,135.0,8.843557889291976,22.02947425842285,27.561830520629883,91.49043294270834,0.0,0.01755859375,1.2388743162155151,6.189212799072266,1.5084079504013062
8795ff243cf20405,train,8795ff243cf20405__motion_blur__s3,motion_blur,3,medium,1,640.0,480.0,1.3333333333333333,88.282861328125,26.600653222032783,0.01556640625,0.00029622395833333334,0.0,0.0,33.0,60.0,83.0,156.0,166.0,96.0,133.0,169.51167598697876,35.5319938659668,43.91120910644531,91.38793294270833,0.0,0.022880859375,4.358906269073486,6.286821365356445,4.42953634262085
8795ff243cf20405,train,8795ff243cf20405__underexposure__s3,underexposure,3,medium,1,640.0,480.0,1.3333333333333333,48.06846028645833,16.42482393159725,0.2533951822916667,0.0,3.2552083333333335e-06,0.0,12.0,29.0,45.0,87.0,100.0,58.0,88.0,327.74633965147865,34.02058029174805,36.316165924072266,94.5453515625,0.0009440104166666667,0.01798828125,4.986096382141113,5.66198205947876,4.839129447937012
8795ff243cf20405,train,8795ff243cf20405__overexposure__s3,overexposure,3,medium,1,640.0,480.0,1.3333333333333333,131.02941080729167,41.56364727713839,0.014007161458333334,0.08142252604166667,3.2552083333333335e-06,0.0007194010416666667,34.0,79.0,125.0,232.0,251.0,153.0,217.0,2228.5169215189194,87.71957397460938,85.17086029052734,91.59589518229167,0.0006575520833333333,0.03158203125,12.694868087768555,7.032916069030762,12.774563789367676
8795ff243cf20405,train,8795ff243cf20405__noise__s3,noise,3,medium,1,640.0,480.0,1.3333333333333333,87.83317708333334,32.7451007517075,0.037581380208333334,0.002428385416666667,1.6276041666666666e-05,0.0,20.0,44.0,83.0,159.0,190.0,115.0,170.0,4862.411678467549,88.687744140625,67.9908447265625,98.84619791666667,0.009124348958333334,0.018030598958333335,15.205615997314453,6.896878719329834,15.916398048400879
8795ff243cf20405,train,8795ff243cf20405__compression__s3,compression,3,medium,1,640.0,480.0,1.3333333333333333,88.26757161458333,29.755905081208716,0.02572265625,0.0020540364583333335,9.765625e-06,0.0,23.0,55.0,83.0,159.0,183.0,104.0,160.0,885.2175124263763,62.51790237426758,64.83563995361328,93.18024088541667,0.00140625,0.018017578125,8.603943824768066,6.515223979949951,8.235514640808105
f5e6d63081ba8fbb,train,f5e6d63081ba8fbb__clean,none,0,none,0,640.0,480.0,1.3333333333333333,117.61429361979167,68.06223745541448,0.13666341145833333,0.111142578125,0.001044921875,0.0009049479166666666,5.0,22.0,110.0,236.0,251.0,214.0,246.0,3359.1097402839555,112.00761413574219,130.62254333496094,37.635283203125,0.02376953125,0.5415364583333333,15.68714714050293,7.9256696701049805,15.118180274963379
f5e6d63081ba8fbb,train,f5e6d63081ba8fbb__blur__s3,blur,3,medium,1,640.0,480.0,1.3333333333333333,117.61437174479167,62.09681368125429,0.097724609375,0.08238606770833333,8.7890625e-05,6.510416666666667e-06,14.0,31.0,110.0,229.0,243.0,198.0,229.0,29.546529945839776,49.263492584228516,54.75223922729492,31.020817057291666,0.012063802083333333,0.5805143229166667,2.371018171310425,7.834291458129883,2.9714059829711914
f5e6d63081ba8fbb,train,f5e6d63081ba8fbb__motion_blur__s3,motion_blur,3,medium,1,640.0,480.0,1.3333333333333333,117.61587239583334,61.21876045936927,0.09263997395833333,0.07830729166666667,3.90625e-05,2.2786458333333334e-05,13.0,31.0,111.0,228.0,242.0,197.0,229.0,267.2522864063581,55.68903732299805,67.9615478515625,30.627278645833332,0.012327473958333333,0.5813053385416667,5.694226264953613,7.831638336181641,5.460665702819824
f5e6d63081ba8fbb,train,f5e6d63081ba8fbb__underexposure__s3,underexposure,3,medium,1,640.0,480.0,1.3333333333333333,64.219111328125,37.39689368842813,0.320224609375,0.0,0.002666015625,0.0,3.0,12.0,60.0,129.0,137.0,117.0,134.0,942.425154451328,61.53579330444336,71.80506134033203,36.84518229166667,0.024680989583333333,0.5474739583333333,8.497149467468262,7.069267749786377,8.133681297302246
f5e6d63081ba8fbb,train,f5e6d63081ba8fbb__overexposure__s3,overexposure,3,medium,1,640.0,480.0,1.3333333333333333,160.33265950520834,79.92960146195611,0.06498046875,0.349453125,0.0003841145833333333,0.13415364583333333,8.0,33.0,165.0,255.0,255.0,222.0,247.0,5091.920693077839,130.11151123046875,163.66452026367188,36.27639973958333,0.023929036458333334,0.5427506510416666,19.281925201416016,7.100044250488281,17.92610740661621
f5e6d63081ba8fbb,train,f5e6d63081ba8fbb__noise__s3,noise,3,medium,1,640.0,480.0,1.3333333333333333,117.17227213541666,68.31156185059457,0.14364583333333333,0.10929036458333333,0.00036783854166666665,0.000322265625,5.0,20.0,110.0,235.0,250.0,215.0,245.0,6512.042066573715,130.29318237304688,125.24833679199219,51.28494466145833,0.037018229166666666,0.403984375,19.190805435180664,7.945134162902832,20.05328369140625
f5e6d63081ba8fbb,train,f5e6d63081ba8fbb__compression__s3,compression,3,medium,1,640.0,480.0,1.3333333333333333,117.60494791666666,67.82704559052351,0.13408203125,0.11009765625,0.0020475260416666667,0.0026953125,5.0,22.0,110.0,235.0,252.0,213.0,247.0,2750.965660747687,111.51044464111328,129.9299774169922,33.502802734375,0.021949869791666667,0.5804459635416667,15.039566993713379,7.9213972091674805,14.066514015197754
83981537a7baeafb,train,83981537a7baeafb__clean,none,0,none,0,640.0,425.0,1.5058823529411764,196.21145588235294,55.625559280184746,0.05984191176470588,0.46584926470588234,2.2058823529411766e-05,1.838235294117647e-05,16.0,34.0,214.0,231.0,236.0,197.0,220.0,1516.2296350326558,41.85988235473633,97.47573852539062,17.52683455882353,0.02638235294117647,0.8915477941176471,9.930917739868164,6.072673320770264,6.678342819213867
83981537a7baeafb,train,83981537a7baeafb__blur__s3,blur,3,medium,1,640.0,425.0,1.5058823529411764,196.16455147058824,52.75932991805111,0.04650735294117647,0.46992279411764704,0.0,0.0,21.0,42.0,215.0,228.0,235.0,186.0,214.0,12.216812419861052,18.840652465820312,44.8734130859375,15.962378676470589,0.022095588235294117,0.8982205882352942,1.481977939605713,5.888092041015625,1.2538869380950928
83981537a7baeafb,train,83981537a7baeafb__motion_blur__s3,motion_blur,3,medium,1,640.0,425.0,1.5058823529411764,196.1733455882353,51.43077660496089,0.042341911764705885,0.45750367647058826,0.0,0.0,22.0,46.0,214.0,228.0,235.0,182.0,213.0,120.92709075470373,22.49394416809082,44.99946594238281,15.6475,0.019481617647058823,0.9021470588235294,3.5603461265563965,6.034599304199219,2.3346848487854004
83981537a7baeafb,train,83981537a7baeafb__underexposure__s3,underexposure,3,medium,1,640.0,425.0,1.5058823529411764,107.4415919117647,30.557578129529304,0.09349264705882353,0.0,0.0001838235294117647,0.0,8.0,18.0,118.0,126.0,129.0,108.0,121.0,420.5787890657304,22.912832260131836,53.58039093017578,16.715746323529412,0.026834558823529413,0.8934779411764706,5.349797248840332,5.185731887817383,3.4852936267852783
83981537a7baeafb,train,83981537a7baeafb__overexposure__s3,overexposure,3,medium,1,640.0,425.0,1.5058823529411764,233.69126470588236,60.84863602454518,0.034727941176470586,0.8868419117647058,0.0,0.8113602941176471,24.0,50.0,255.0,255.0,255.0,205.0,231.0,1932.7622316173092,28.561641693115234,114.92766571044922,12.467161764705882,0.02611764705882353,0.8978419117647058,10.963493347167969,1.8984943628311157,4.357553482055664
83981537a7baeafb,train,83981537a7baeafb__noise__s3,noise,3,medium,1,640.0,425.0,1.5058823529411764,195.61454779411764,56.35402560893298,0.054639705882352944,0.44272426470588233,5.882352941176471e-05,9.191176470588235e-05,12.0,37.0,213.0,240.0,248.0,203.0,236.0,4776.1340474329045,78.2484130859375,92.81562805175781,26.992617647058825,0.030838235294117645,0.8091654411764706,14.995360374450684,6.71213436126709,14.83855152130127
83981537a7baeafb,train,83981537a7baeafb__compression__s3,compression,3,medium,1,640.0,425.0,1.5058823529411764,196.25000367647058,55.44249466856191,0.058801470588235295,0.4789375,0.00033455882352941176,0.00011029411764705883,16.0,34.0,215.0,230.0,236.0,196.0,220.0,1258.0268982938878,39.41057586669922,97.3800277709961,18.14001838235294,0.02675,0.8936875,9.43539047241211,5.935454368591309,5.550703048706055
67fe4f0a7b71ecee,train,67fe4f0a7b71ecee__clean,none,0,none,0,500.0,333.0,1.5015015015015014,92.50721321321322,63.69790235782001,0.3323303303303303,0.026684684684684684,0.0016996996996996997,7.207207207207208e-05,2.0,8.0,107.0,188.0,238.0,180.0,236.0,2731.2490965275542,72.78334045410156,112.65518188476562,74.05871471471471,0.028564564564564566,0.1944024024024024,13.298358917236328,7.487586498260498,10.90654182434082
67fe4f0a7b71ecee,train,67fe4f0a7b71ecee__blur__s3,blur,3,medium,1,500.0,333.0,1.5015015015015014,92.50824024024024,59.75685597487827,0.31085285285285286,0.016552552552552554,0.0,0.0,6.0,11.0,107.0,173.0,226.0,162.0,220.0,18.050029362840316,32.59400177001953,46.62680435180664,67.04012612612613,0.0035315315315315315,0.19957357357357358,1.8447226285934448,7.397103309631348,2.0401058197021484
67fe4f0a7b71ecee,train,67fe4f0a7b71ecee__motion_blur__s3,motion_blur,3,medium,1,500.0,333.0,1.5015015015015014,92.51264864864865,59.82349525693423,0.3043123123123123,0.013267267267267267,0.0,0.0,6.0,11.0,106.0,178.0,221.0,167.0,215.0,244.11823132480228,42.48295974731445,69.26982879638672,66.37357957957958,0.0021561561561561564,0.20476276276276276,5.481719970703125,7.4426703453063965,4.51871919631958
67fe4f0a7b71ecee,train,67fe4f0a7b71ecee__underexposure__s3,underexposure,3,medium,1,500.0,333.0,1.5015015015015014,50.42562762762763,35.016172672496744,0.4035735735735736,0.0,0.006144144144144144,0.0,1.0,4.0,58.0,103.0,130.0,99.0,129.0,767.0259030372715,39.92848205566406,61.863224029541016,73.93742342342343,0.03350750750750751,0.20542342342342343,7.188351631164551,6.619531631469727,5.828658580780029
67fe4f0a7b71ecee,train,67fe4f0a7b71ecee__overexposure__s3,overexposure,3,medium,1,500.0,333.0,1.5015015015015014,134.17566366366367,88.16363867445189,0.2871711711711712,0.23693093093093093,0.0008648648648648649,0.021135135135135135,3.0,12.0,160.0,253.0,255.0,241.0,252.0,4254.196750222619,93.36780548095703,145.96578979492188,71.08957357357357,0.02747147147147147,0.25526126126126125,16.781986236572266,7.632469177246094,13.775179862976074
67fe4f0a7b71ecee,train,67fe4f0a7b71ecee__noise__s3,noise,3,medium,1,500.0,333.0,1.5015015015015014,92.91502702702702,63.50369603593553,0.32026426426426424,0.02621021021021021,0.000978978978978979,8.408408408408409e-05,2.0,6.0,103.0,192.0,237.0,186.0,235.0,5708.709232137507,97.54815673828125,105.93711853027344,85.49125525525525,0.0843963963963964,0.13196996996996996,17.044782638549805,7.625316619873047,16.885570526123047
67fe4f0a7b71ecee,train,67fe4f0a7b71ecee__compression__s3,compression,3,medium,1,500.0,333.0,1.5015015015015014,92.56022222222222,63.38750955257624,0.33124924924924926,0.02587987987987988,0.0016096096096096097,0.0001021021021021021,2.0,8.0,107.0,187.0,237.0,179.0,235.0,2151.162173056805,71.51528930664062,111.02643585205078,72.25587387387387,0.03237837837837838,0.2147087087087087,12.446733474731445,7.4497456550598145,9.714454650878906
ac74264bbc3356e0,train,ac74264bbc3356e0__clean,none,0,none,0,640.0,351.0,1.8233618233618234,91.28946314102564,66.18047885191388,0.30033386752136754,0.07383814102564103,0.003659188034188034,0.0007701210826210826,1.0,5.0,94.0,240.0,250.0,235.0,249.0,3546.744493956713,92.4459228515625,155.3994903564453,76.69722667378917,0.04291755698005698,0.17479967948717948,16.82691192626953,7.580122947692871,14.104193687438965
ac74264bbc3356e0,train,ac74264bbc3356e0__blur__s3,blur,3,medium,1,640.0,351.0,1.8233618233618234,91.27366452991453,59.43893791641174,0.2554131054131054,0.04834846866096866,0.0,0.0,4.0,8.0,93.0,213.0,247.0,205.0,243.0,30.36732968806992,42.56087875366211,63.04138946533203,67.04728899572649,0.0029736467236467236,0.18377403846153847,2.4575083255767822,7.565817832946777,2.783132553100586
ac74264bbc3356e0,train,ac74264bbc3356e0__motion_blur__s3,motion_blur,3,medium,1,640.0,351.0,1.8233618233618234,91.2728766025641,58.978879945576296,0.2532184829059829,0.048713497150997154,8.903133903133903e-06,0.0,4.0,8.0,95.0,213.0,248.0,205.0,244.0,355.2415561308349,48.61780548095703,80.72538757324219,68.45685986467237,0.005297364672364672,0.18709935897435898,6.406590461730957,7.518260955810547,5.530529975891113
ac74264bbc3356e0,train,ac74264bbc3356e0__underexposure__s3,underexposure,3,medium,1,640.0,351.0,1.8233618233618234,49.757536502849,36.39827988982864,0.39883368945868947,0.0,0.008969907407407407,0.0,1.0,2.0,51.0,132.0,137.0,130.0,136.0,1023.2368494691024,51.06859588623047,85.4046859741211,78.76351940883191,0.05683315527065527,0.190758547008547,9.185416221618652,6.718727111816406,7.670529365539551
ac74264bbc3356e0,train,ac74264bbc3356e0__overexposure__s3,overexposure,3,medium,1,640.0,351.0,1.8233618233618234,127.7346777065527,82.19774685509913,0.23136128917378918,0.17088675213675214,0.0013176638176638177,0.0401531339031339,3.0,8.0,140.0,254.0,255.0,246.0,252.0,5877.026013698841,115.28494262695312,181.307861328125,74.80191862535612,0.039961716524216526,0.18300391737891739,21.080360412597656,7.715366363525391,17.77968406677246
ac74264bbc3356e0,train,ac74264bbc3356e0__noise__s3,noise,3,medium,1,640.0,351.0,1.8233618233618234,91.57274305555555,65.44315278857985,0.2907629985754986,0.07104700854700854,0.0018919159544159543,0.00032496438746438747,1.0,5.0,91.0,234.0,251.0,229.0,250.0,6378.107153857358,117.32804107666016,144.4220733642578,92.00792378917379,0.08497150997150997,0.1310229700854701,19.687885284423828,7.684631824493408,19.518253326416016
ac74264bbc3356e0,train,ac74264bbc3356e0__compression__s3,compression,3,medium,1,640.0,351.0,1.8233618233618234,91.33882211538462,65.88917017811605,0.29788105413105415,0.07313924501424501,0.0032941595441595443,0.0011306980056980057,1.0,5.0,94.0,240.0,251.0,235.0,250.0,3052.439959539886,93.03849029541016,153.55213928222656,75.2764066951567,0.04848201566951567,0.19709757834757835,16.31671142578125,7.541426658630371,13.448665618896484
3ef0da375244c3fd,train,3ef0da375244c3fd__clean,none,0,none,0,640.0,427.0,1.4988290398126465,92.29669203747072,64.02896156728806,0.30534250585480094,0.005294935597189696,0.002224824355971897,2.5614754098360656e-05,1.0,3.0,100.0,201.0,213.0,198.0,212.0,60.56793515600951,21.540531158447266,34.37424850463867,189.8466956967213,0.5772394613583138,0.011091188524590165,2.2022862434387207,7.541099548339844,1.744337558746338
3ef0da375244c3fd,train,3ef0da375244c3fd__blur__s3,blur,3,medium,1,640.0,427.0,1.4988290398126465,92.29757757611242,63.580204216828704,0.3010685011709602,0.004903395784543326,0.00026346604215456674,0.0,1.0,3.0,100.0,201.0,212.0,198.0,211.0,3.4926702545470474,17.0122127532959,25.9422550201416,190.02292886416862,0.5811109484777518,0.009828747072599531,0.6805052161216736,7.533328056335449,0.7093768119812012
3ef0da375244c3fd,train,3ef0da375244c3fd__motion_blur__s3,motion_blur,3,medium,1,640.0,427.0,1.4988290398126465,92.28780005854802,63.344069186952524,0.29838992974238876,0.004449648711943794,0.0005013173302107728,0.0,1.0,3.0,99.0,201.0,213.0,198.0,212.0,6.024542348892125,16.97760581970215,24.497743606567383,189.99045301522247,0.5817549765807962,0.0093932962529274,0.8635522127151489,7.5354437828063965,0.8112516403198242
3ef0da375244c3fd,train,3ef0da375244c3fd__underexposure__s3,underexposure,3,medium,1,640.0,427.0,1.4988290398126465,50.3045850409836,35.195772846809184,0.4010282494145199,0.0,0.021611533957845434,0.0,0.0,1.0,55.0,110.0,117.0,109.0,117.0,17.984601348161753,12.012133598327637,18.837425231933594,187.96276712529274,0.5715529859484777,0.02802620023419204,1.2203842401504517,6.68927001953125,1.0080925226211548
3ef0da375244c3fd,train,3ef0da375244c3fd__overexposure__s3,overexposure,3,medium,1,640.0,427.0,1.4988290398126465,132.8493486533958,87.77696221360199,0.26327576112412177,0.2335114168618267,0.002451697892271663,0.04684206674473068,1.0,5.0,150.0,254.0,255.0,249.0,254.0,98.68256043803748,27.179773330688477,48.88199234008789,185.59900102459017,0.5894613583138173,0.08471896955503513,2.9482691287994385,7.664432525634766,2.337188959121704
3ef0da375244c3fd,train,3ef0da375244c3fd__noise__s3,noise,3,medium,1,640.0,427.0,1.4988290398126465,93.23107069672132,63.55769168746405,0.2975080503512881,0.018640222482435596,0.0024956088992974237,1.0977751756440281e-05,1.0,4.0,98.0,200.0,223.0,196.0,222.0,3225.981384248743,60.65383529663086,40.18964385986328,173.83556425644028,0.39688231850117095,0.006378073770491803,11.367695808410645,7.6886491775512695,11.805333137512207
3ef0da375244c3fd,train,3ef0da375244c3fd__compression__s3,compression,3,medium,1,640.0,427.0,1.4988290398126465,92.3141649590164,64.016007230008,0.30509733606557377,0.006023126463700234,0.010070257611241218,1.0977751756440281e-05,0.0,4.0,100.0,201.0,213.0,197.0,213.0,36.971399009268616,20.644922256469727,34.25617599487305,181.93037543911007,0.5139234484777517,0.036255854800936765,1.9342063665390015,7.389322757720947,1.5276814699172974
8e85a2e71ee512fe,train,8e85a2e71ee512fe__clean,none,0,none,0,640.0,427.0,1.4988290398126465,74.22095286885246,77.32125650014898,0.425548887587822,0.1287836651053864,0.018936621779859483,0.01685450819672131,0.0,2.0,45.0,249.0,255.0,247.0,255.0,3770.0323983428907,81.79798126220703,138.32504272460938,60.02766759367682,0.07311548594847775,0.38776712529274004,16.332008361816406,7.261373519897461,12.423373222351074
8e85a2e71ee512fe,train,8e85a2e71ee512fe__blur__s3,blur,3,medium,1,640.0,427.0,1.4988290398126465,74.22262148711944,72.66720861248638,0.3890771370023419,0.10772467798594848,0.007545374707259953,0.011581528103044497,1.0,4.0,47.0,238.0,255.0,234.0,254.0,24.064417890131278,35.058204650878906,57.30451965332031,51.487115778688526,0.036984045667447306,0.3930766978922717,2.177931070327759,7.335509777069092,2.215682029724121
8e85a2e71ee512fe,train,8e85a2e71ee512fe__motion_blur__s3,motion_blur,3,medium,1,640.0,427.0,1.4988290398126465,74.21970506440282,74.43021762298439,0.41337822014051523,0.11443208430913349,0.008339432084309133,0.011863290398126464,1.0,4.0,46.0,242.0,255.0,238.0,254.0,900.303094911662,56.644508361816406,102.76275634765625,53.531839139344264,0.039710187353629973,0.39333650468384074,9.716986656188965,7.337878227233887,6.783973217010498
8e85a2e71ee512fe,train,8e85a2e71ee512fe__underexposure__s3,underexposure,3,medium,1,640.0,427.0,1.4988290398126465,40.38150980679157,42.5181881442727,0.7151602751756441,0.0,0.033694379391100704,0.0,0.0,1.0,24.0,136.0,140.0,135.0,140.0,1088.1075276062927,44.98103713989258,76.07447814941406,58.06203161592506,0.0759733606557377,0.44364388173302105,8.899914741516113,6.423919200897217,6.6747941970825195
8e85a2e71ee512fe,train,8e85a2e71ee512fe__overexposure__s3,overexposure,3,medium,1,640.0,427.0,1.4988290398126465,95.77223360655738,84.96865581567954,0.2959309133489461,0.18425790398126463,0.015972628805620608,0.10485582552693208,0.0,3.0,67.0,255.0,255.0,252.0,255.0,5284.5720640576565,93.55619049072266,164.1498565673828,58.877495608899295,0.07332406323185012,0.41157055035128803,19.478633880615234,7.035385608673096,14.30842399597168
8e85a2e71ee512fe,train,8e85a2e71ee512fe__noise__s3,noise,3,medium,1,640.0,427.0,1.4988290398126465,74.62987046252927,75.8878526293619,0.43818793911007026,0.1233643149882904,0.0027444379391100703,0.001009953161592506,1.0,4.0,46.0,244.0,253.0,240.0,252.0,6360.248140563906,104.23006439208984,129.7061309814453,84.98039739461359,0.10546692037470726,0.21564695550351287,19.015995025634766,7.354886054992676,17.786108016967773
8e85a2e71ee512fe,train,8e85a2e71ee512fe__compression__s3,compression,3,medium,1,640.0,427.0,1.4988290398126465,74.23500073185012,76.96005630969327,0.42201405152224825,0.12794935597189697,0.01571282201405152,0.01057523419203747,0.0,3.0,45.0,247.0,255.0,244.0,255.0,3249.496708271526,80.53931427001953,136.73800659179688,54.976130708430915,0.06713992974238876,0.4276346604215457,15.738823890686035,7.257824897766113,11.329784393310547
bd8133fe5862ea2b,train,bd8133fe5862ea2b__clean,none,0,none,0,640.0,426.0,1.5023474178403755,114.68996845657277,61.41770399374631,0.13916153169014084,0.04545554577464789,0.0002750880281690141,0.0,7.0,20.0,116.0,213.0,237.0,193.0,230.0,1096.2095156123867,46.81703186035156,69.57577514648438,118.38550469483567,0.060849471830985914,0.031092282863849765,7.716076850891113,7.806798934936523,4.224435806274414
bd8133fe5862ea2b,train,bd8133fe5862ea2b__blur__s3,blur,3,medium,1,640.0,426.0,1.5023474178403755,114.67801496478873,59.5224110991393,0.12523474178403757,0.04057731807511737,0.0,0.0,8.0,23.0,116.0,211.0,236.0,188.0,228.0,9.27406786258873,34.0276985168457,38.16615676879883,116.97631308685446,0.05156983568075117,0.030542106807511737,1.2666294574737549,7.777961254119873,1.4091428518295288
bd8133fe5862ea2b,train,bd8133fe5862ea2b__motion_blur__s3,motion_blur,3,medium,1,640.0,426.0,1.5023474178403755,114.6811436326291,58.328267171628895,0.11777435446009389,0.036792106807511736,2.567488262910798e-05,0.0,9.0,24.0,116.0,209.0,234.0,185.0,225.0,43.992812270746526,31.90934944152832,35.23868179321289,116.66042033450704,0.04562426643192488,0.030773180751173707,2.1335818767547607,7.75990629196167,1.6357842683792114
bd8133fe5862ea2b,train,bd8133fe5862ea2b__underexposure__s3,underexposure,3,medium,1,640.0,426.0,1.5023474178403755,62.597795627934275,33.77959711601548,0.3144292840375587,0.0,0.0007555751173708921,0.0,3.0,11.0,64.0,117.0,130.0,106.0,127.0,326.10099557537694,25.930862426757812,38.214256286621094,120.26330325704225,0.07237382629107982,0.03477846244131456,4.237353801727295,6.944958686828613,2.363542079925537
bd8133fe5862ea2b,train,bd8133fe5862ea2b__overexposure__s3,overexposure,3,medium,1,640.0,426.0,1.5023474178403755,161.04348958333333,78.04552862515776,0.07515038145539907,0.3891395246478873,0.00015038145539906104,0.03689113849765258,11.0,30.0,174.0,254.0,255.0,224.0,244.0,1883.504669353661,57.51997375488281,94.99484252929688,109.60531470070423,0.05675982981220657,0.09799369131455399,10.156012535095215,7.664567947387695,5.394833087921143
bd8133fe5862ea2b,train,bd8133fe5862ea2b__noise__s3,noise,3,medium,1,640.0,426.0,1.5023474178403755,114.36054137323944,62.19273660048374,0.14423782276995306,0.0475718896713615,0.00025674882629107983,2.567488262910798e-05,5.0,18.0,116.0,214.0,240.0,196.0,235.0,4586.095169273201,79.9316635131836,67.46199035644531,123.4893779342723,0.1006968896713615,0.0230193661971831,14.00025463104248,7.857684135437012,13.957878112792969
bd8133fe5862ea2b,train,bd8133fe5862ea2b__compression__s3,compression,3,medium,1,640.0,426.0,1.5023474178403755,114.69494204812207,61.419037280772606,0.1388350938967136,0.04540786384976526,0.00015038145539906104,0.0,7.0,20.0,117.0,214.0,237.0,194.0,230.0,1041.5876450555397,47.196834564208984,69.72503662109375,119.43250440140845,0.06755428403755868,0.030204665492957746,7.705970287322998,7.799214839935303,4.096506118774414
71a37c25cdf944cf,train,71a37c25cdf944cf__clean,none,0,none,0,640.0,512.0,1.25,139.29099731445314,77.58715334553881,0.1732177734375,0.1813751220703125,0.004888916015625,0.0001495361328125,1.0,10.0,152.0,248.0,252.0,238.0,251.0,427.9482480218634,39.28824996948242,69.03628540039062,0.0,0.0,1.0,5.696901798248291,7.854657173156738,3.8436760902404785
71a37c25cdf944cf,train,71a37c25cdf944cf__blur__s3,blur,3,medium,1,640.0,512.0,1.25,139.2937744140625,76.34979933316613,0.1646759033203125,0.1758514404296875,0.0008270263671875,3.0517578125e-06,1.0,12.0,151.0,248.0,252.0,236.0,251.0,8.776968375956638,27.215667724609375,39.57611846923828,0.0,0.0,1.0,1.2378814220428467,7.856311798095703,1.2075341939926147
71a37c25cdf944cf,train,71a37c25cdf944cf__motion_blur__s3,motion_blur,3,medium,1,640.0,512.0,1.25,139.2910614013672,76.12108108167449,0.1622589111328125,0.174700927734375,0.0014373779296875,3.0517578125e-06,1.0,12.0,151.0,248.0,252.0,236.0,251.0,43.57220457494259,27.769317626953125,45.68864059448242,0.0,0.0,1.0,2.420085906982422,7.858695983886719,1.644137978553772
71a37c25cdf944cf,train,71a37c25cdf944cf__underexposure__s3,underexposure,3,medium,1,640.0,512.0,1.25,76.13435974121094,42.64955818130509,0.252154541015625,0.0,0.01461181640625,0.0,0.0,5.0,83.0,136.0,138.0,131.0,138.0,110.96647632150912,21.67501449584961,37.83601760864258,0.0,0.0,1.0,3.040163040161133,6.988039016723633,2.0910425186157227
71a37c25cdf944cf,train,71a37c25cdf944cf__overexposure__s3,overexposure,3,medium,1,640.0,512.0,1.25,181.46639099121094,88.88593212105208,0.138006591796875,0.5400238037109375,0.004644775390625,0.390545654296875,1.0,14.0,228.0,255.0,255.0,241.0,254.0,717.2441738959309,43.74098587036133,95.29661560058594,0.0,0.0,1.0,7.576122760772705,5.720653057098389,4.606584548950195
71a37c25cdf944cf,train,71a37c25cdf944cf__noise__s3,noise,3,medium,1,640.0,512.0,1.25,138.78142700195312,76.8763964193852,0.17030029296875,0.1913116455078125,0.00137939453125,0.001177978515625,2.0,10.0,151.0,246.0,253.0,236.0,251.0,3633.356718957424,73.92631530761719,66.81629943847656,38.040609741210936,0.0345550537109375,0.616424560546875,12.575632095336914,7.936085224151611,13.070932388305664
71a37c25cdf944cf,train,71a37c25cdf944cf__compression__s3,compression,3,medium,1,640.0,512.0,1.25,139.29237060546876,77.55621700444385,0.1722320556640625,0.18193359375,0.007421875,0.0002899169921875,2.0,10.0,152.0,248.0,252.0,238.0,250.0,286.5364499744401,38.835723876953125,68.66803741455078,0.0,0.0,1.0,5.225293159484863,7.745091915130615,3.462462902069092
46d2a5feb3f953b5,train,46d2a5feb3f953b5__clean,none,0,none,0,500.0,375.0,1.3333333333333333,129.53744,36.31543482111153,0.005984,0.008176,6.4e-05,8.533333333333334e-05,55.0,80.0,139.0,179.0,204.0,99.0,149.0,2688.9648317728993,44.0198974609375,74.21884155273438,98.37966933333334,0.006885333333333334,0.022816,12.099090576171875,6.867622375488281,7.82149076461792
46d2a5feb3f953b5,train,46d2a5feb3f953b5__blur__s3,blur,3,medium,1,500.0,375.0,1.3333333333333333,129.54176533333333,33.01430299618028,8e-05,0.0023626666666666666,0.0,0.0,77.0,87.0,139.0,177.0,189.0,90.0,112.0,5.650773037397332,14.04891586303711,20.979839324951172,96.955136,0.0,0.023509333333333333,0.9324948191642761,6.4384074211120605,0.9120504856109619
46d2a5feb3f953b5,train,46d2a5feb3f953b5__motion_blur__s3,motion_blur,3,medium,1,500.0,375.0,1.3333333333333333,129.54530666666668,33.500117899881424,0.0008533333333333333,0.003050666666666667,0.0,0.0,74.0,86.0,139.0,177.0,189.0,91.0,115.0,179.38908179145957,19.22089958190918,39.92009735107422,97.196192,0.0,0.023152,4.145223617553711,6.5031561851501465,2.2638766765594482
46d2a5feb3f953b5,train,46d2a5feb3f953b5__underexposure__s3,underexposure,3,medium,1,500.0,375.0,1.3333333333333333,70.772736,19.956554923323747,0.024330666666666667,0.0,0.000176,0.0,30.0,43.0,76.0,98.0,112.0,55.0,82.0,770.0057187869583,24.163522720336914,40.88132095336914,99.292832,0.007504,0.022256,6.567741394042969,5.99514627456665,4.156876564025879
46d2a5feb3f953b5,train,46d2a5feb3f953b5__overexposure__s3,overexposure,3,medium,1,500.0,375.0,1.3333333333333333,190.29725333333334,48.98414195556036,0.00352,0.44309333333333334,2.6666666666666667e-05,0.024485333333333335,84.0,120.0,207.0,253.0,255.0,133.0,171.0,4009.36447001418,56.23870849609375,89.23936462402344,86.29066666666667,0.005770666666666667,0.17640533333333333,14.82262134552002,7.020527362823486,9.754997253417969
46d2a5feb3f953b5,train,46d2a5feb3f953b5__noise__s3,noise,3,medium,1,500.0,375.0,1.3333333333333333,129.03958933333334,38.54032493399634,0.006757333333333333,0.008906666666666667,1.0666666666666667e-05,4.8e-05,48.0,71.0,132.0,186.0,212.0,115.0,164.0,6153.079642967012,79.5226058959961,71.5427474975586,100.26570666666667,0.03584,0.022042666666666665,16.805692672729492,7.2115631103515625,15.981385231018066
46d2a5feb3f953b5,train,46d2a5feb3f953b5__compression__s3,compression,3,medium,1,500.0,375.0,1.3333333333333333,129.51900266666667,36.09210508636655,0.005781333333333334,0.008090666666666666,4.266666666666667e-05,0.000128,56.0,81.0,138.0,179.0,204.0,98.0,148.0,2228.4913405420375,41.78728485107422,74.46324157714844,98.05391466666667,0.005173333333333334,0.022496,11.480746269226074,6.77938175201416,6.472251892089844
ffe0f0cec3b2e27a,train,ffe0f0cec3b2e27a__clean,none,0,none,0,640.0,426.0,1.5023474178403755,110.76685372652582,49.53797984919594,0.14178770539906102,1.4671361502347417e-05,0.0,0.0,24.0,28.0,125.0,181.0,189.0,153.0,165.0,924.8416365253166,45.10951614379883,80.44733428955078,116.12547681924883,0.006360035211267606,0.07374926643192488,8.522637367248535,7.299133777618408,6.536711692810059
ffe0f0cec3b2e27a,train,ffe0f0cec3b2e27a__blur__s3,blur,3,medium,1,640.0,426.0,1.5023474178403755,110.75999486502347,47.1016681706094,0.1160137910798122,0.0,0.0,0.0,25.0,30.0,122.0,178.0,185.0,148.0,160.0,9.755094605406995,25.16880226135254,35.8744010925293,115.32829738849765,0.0,0.06864363262910798,1.3277111053466797,7.25858211517334,1.4783191680908203
ffe0f0cec3b2e27a,train,ffe0f0cec3b2e27a__motion_blur__s3,motion_blur,3,medium,1,640.0,426.0,1.5023474178403755,110.75573650234742,46.79268535606796,0.11324090375586854,0.0,0.0,0.0,25.0,29.0,122.0,177.0,185.0,148.0,160.0,113.99859637382963,26.62348747253418,47.9185791015625,115.62841842723005,0.0003887910798122066,0.06105487089201878,3.5802128314971924,7.269794464111328,2.5358853340148926
ffe0f0cec3b2e27a,train,ffe0f0cec3b2e27a__underexposure__s3,underexposure,3,medium,1,640.0,426.0,1.5023474178403755,60.42925836267606,27.228060417209118,0.2740683685446009,0.0,0.0,0.0,13.0,15.0,68.0,99.0,103.0,84.0,90.0,256.7189711487655,25.036008834838867,44.09703063964844,117.06519586267606,0.0082306338028169,0.07132849178403756,4.612508773803711,6.4393463134765625,3.541304349899292
ffe0f0cec3b2e27a,train,ffe0f0cec3b2e27a__overexposure__s3,overexposure,3,medium,1,640.0,426.0,1.5023474178403755,163.23220730633804,71.07062205546126,0.035941167840375585,0.32186766431924885,0.0,0.026668867370892017,36.0,42.0,186.0,252.0,255.0,210.0,219.0,1618.734887328367,61.34614562988281,114.6044692993164,113.09449457159624,0.005046948356807511,0.09250293427230047,11.606720924377441,7.608643531799316,8.602123260498047
ffe0f0cec3b2e27a,train,ffe0f0cec3b2e27a__noise__s3,noise,3,medium,1,640.0,426.0,1.5023474178403755,110.37909330985916,51.09484990710928,0.12689994131455398,0.0009242957746478873,1.1003521126760564e-05,0.0,11.0,24.0,121.0,182.0,199.0,158.0,188.0,4494.943716466906,82.72019958496094,75.99311065673828,124.88777508802816,0.043430897887323947,0.03902582159624413,14.578859329223633,7.541782855987549,15.090594291687012
ffe0f0cec3b2e27a,train,ffe0f0cec3b2e27a__compression__s3,compression,3,medium,1,640.0,426.0,1.5023474178403755,110.75307365023474,49.4957690736526,0.1382042253521127,2.567488262910798e-05,0.0,0.0,24.0,28.0,125.0,181.0,188.0,153.0,164.0,743.7767006865184,45.31671142578125,79.92591857910156,117.67038952464789,0.01359668427230047,0.05764744718309859,8.115026473999023,7.242236137390137,6.002030372619629
b088f1fc8e86da21,train,b088f1fc8e86da21__clean,none,0,none,0,640.0,482.0,1.3278008298755186,131.6205880446058,45.58613768097409,0.02457533713692946,0.007449429460580913,0.007491571576763486,6.483402489626556e-06,1.0,69.0,126.0,199.0,213.0,130.0,212.0,6362.536733269298,86.71522521972656,103.24417114257812,33.68879343879668,0.013057572614107884,0.5290067427385892,17.913433074951172,7.293216705322266,16.183774948120117
b088f1fc8e86da21,train,b088f1fc8e86da21__blur__s3,blur,3,medium,1,640.0,482.0,1.3278008298755186,131.68374610995852,38.69579040535664,0.014292660788381742,0.00017505186721991701,0.0,0.0,28.0,80.0,124.0,192.0,205.0,112.0,177.0,16.07559844209353,25.97532844543457,38.48196792602539,29.490044735477177,0.0014166234439834024,0.5349422977178423,1.7445273399353027,7.105710983276367,1.8328734636306763
b088f1fc8e86da21,train,b088f1fc8e86da21__motion_blur__s3,motion_blur,3,medium,1,640.0,482.0,1.3278008298755186,131.76579681016597,39.030248408796815,0.012457857883817428,3.8900414937759333e-05,0.0036209802904564317,0.0,2.0,82.0,125.0,192.0,205.0,110.0,203.0,449.37727809205666,34.4339599609375,60.63922119140625,30.84711164419087,0.0069858661825726144,0.5320020746887967,6.474283695220947,7.050627708435059,4.819607734680176
b088f1fc8e86da21,train,b088f1fc8e86da21__underexposure__s3,underexposure,3,medium,1,640.0,482.0,1.3278008298755186,71.92943788900415,24.991711740366956,0.05707015041493776,0.0,0.010130316390041494,0.0,0.0,38.0,69.0,109.0,117.0,71.0,117.0,1830.6122407151722,47.63197708129883,56.65022659301758,33.11005899896266,0.010522562240663901,0.5359990923236515,9.727168083190918,6.429433345794678,8.674985885620117
b088f1fc8e86da21,train,b088f1fc8e86da21__overexposure__s3,overexposure,3,medium,1,640.0,482.0,1.3278008298755186,189.8083182053942,58.95810558356229,0.02240988070539419,0.42300959543568467,0.006402359958506224,0.1227048755186722,1.0,104.0,189.0,255.0,255.0,151.0,254.0,9419.275089107177,104.74158477783203,139.03916931152344,30.49420059647303,0.01132326244813278,0.5394482624481328,22.08292579650879,6.740962982177734,19.005464553833008
b088f1fc8e86da21,train,b088f1fc8e86da21__noise__s3,noise,3,medium,1,640.0,482.0,1.3278008298755186,131.30075855809127,46.94324030814138,0.02689639522821577,0.018837525933609958,0.00043438796680497923,3.241701244813278e-06,6.0,62.0,128.0,204.0,222.0,142.0,216.0,9668.765349189725,109.60262298583984,98.69255828857422,41.12501945020747,0.013504927385892117,0.3997860477178423,21.235824584960938,7.485870838165283,21.077810287475586
b088f1fc8e86da21,train,b088f1fc8e86da21__compression__s3,compression,3,medium,1,640.0,482.0,1.3278008298755186,131.65775090767636,45.31236136649202,0.024896265560165973,0.006697354771784232,0.00488524377593361,1.2966804979253112e-05,1.0,69.0,126.0,198.0,212.0,129.0,211.0,5344.587212980983,86.83139038085938,103.98155212402344,33.06206885373444,0.014613589211618257,0.5353604771784233,17.268329620361328,7.289833068847656,14.577348709106445
fc017f5308d348bd,train,fc017f5308d348bd__clean,none,0,none,0,480.0,640.0,0.75,143.10236002604168,68.45753969084798,0.05273111979166667,0.23869466145833335,0.00019205729166666666,0.0012727864583333332,14.0,38.0,136.0,240.0,251.0,202.0,237.0,3640.8611121302183,71.60710906982422,120.62714385986328,91.1146484375,0.10569010416666667,0.39863932291666665,14.944189071655273,7.817664623260498,10.768607139587402
fc017f5308d348bd,train,fc017f5308d348bd__blur__s3,blur,3,medium,1,480.0,640.0,0.75,143.12510416666666,64.33419145441493,0.033854166666666664,0.20791015625,0.0,0.0,24.0,45.0,136.0,233.0,242.0,188.0,218.0,17.453552080620664,32.07518005371094,48.736907958984375,88.72429361979167,0.10249348958333333,0.4093359375,1.7942442893981934,7.705053806304932,1.904232144355774
fc017f5308d348bd,train,fc017f5308d348bd__motion_blur__s3,motion_blur,3,medium,1,480.0,640.0,0.75,143.12705729166666,64.27489178923253,0.031070963541666666,0.21146484375,0.0,4.8828125e-05,25.0,46.0,136.0,233.0,243.0,187.0,218.0,277.5216152211401,39.030067443847656,65.4253158569336,88.53140950520833,0.101962890625,0.4112272135416667,5.472371578216553,7.706203460693359,4.054219722747803
fc017f5308d348bd,train,fc017f5308d348bd__underexposure__s3,underexposure,3,medium,1,480.0,640.0,0.75,78.23818359375,37.63745814417912,0.1891015625,0.0,0.000625,0.0,7.0,21.0,74.0,131.0,137.0,110.0,130.0,1062.4097076054784,39.46686553955078,66.33401489257812,91.86304361979167,0.11087239583333333,0.39787434895833335,8.157322883605957,6.9614434242248535,5.8063201904296875
fc017f5308d348bd,train,fc017f5308d348bd__overexposure__s3,overexposure,3,medium,1,480.0,640.0,0.75,185.34251627604166,71.07508026597078,0.02876953125,0.45532877604166666,9.765625e-05,0.24532877604166667,21.0,57.0,199.0,255.0,255.0,198.0,234.0,4505.117401670837,59.66915512084961,133.80064392089844,83.31451497395834,0.10637369791666666,0.4427083333333333,16.215620040893555,6.3423027992248535,9.366643905639648
fc017f5308d348bd,train,fc017f5308d348bd__noise__s3,noise,3,medium,1,480.0,640.0,0.75,142.4551171875,68.74754103452398,0.060045572916666665,0.21954752604166666,0.00010091145833333333,0.0003841145833333333,11.0,36.0,136.0,242.0,251.0,206.0,240.0,6770.926996416558,101.38675689697266,111.93460083007812,95.48805013020834,0.108212890625,0.3394694010416667,18.532663345336914,7.878381729125977,17.79982566833496
fc017f5308d348bd,train,fc017f5308d348bd__compression__s3,compression,3,medium,1,480.0,640.0,0.75,143.07685221354166,68.27564585593142,0.051038411458333335,0.23511393229166666,0.0005045572916666667,0.000947265625,13.0,39.0,136.0,239.0,251.0,200.0,238.0,3179.7625780917697,69.97470092773438,120.5602798461914,90.49000325520834,0.10913736979166666,0.40781575520833335,14.512293815612793,7.73030948638916,9.720888137817383
1a613f9b09db3b7b,train,1a613f9b09db3b7b__clean,none,0,none,0,640.0,480.0,1.3333333333333333,55.46213541666667,65.21651747993624,0.5262955729166666,0.07867513020833333,0.00623046875,0.0008919270833333333,1.0,3.0,37.0,254.0,254.0,251.0,253.0,565.0748633426984,40.497406005859375,75.51942443847656,117.47393880208334,0.11536458333333334,0.1767578125,6.905674934387207,6.599113941192627,5.257228374481201
1a613f9b09db3b7b,train,1a613f9b09db3b7b__blur__s3,blur,3,medium,1,640.0,480.0,1.3333333333333333,55.453642578125,63.6823936818642,0.5217708333333333,0.07480143229166666,0.00014322916666666667,0.0003515625,2.0,3.0,37.0,254.0,254.0,251.0,252.0,9.32417304886712,22.33546257019043,37.97003936767578,112.89669596354166,0.05929361979166667,0.178349609375,1.281545639038086,6.599669456481934,1.310552954673767
1a613f9b09db3b7b,train,1a613f9b09db3b7b__motion_blur__s3,motion_blur,3,medium,1,640.0,480.0,1.3333333333333333,55.45171875,63.14151640085994,0.5200618489583333,0.07330078125,0.00029296875,0.000634765625,2.0,4.0,37.0,254.0,254.0,250.0,252.0,70.12847054035397,22.798912048339844,45.289615631103516,114.48140950520833,0.06300455729166667,0.16943359375,2.9599761962890625,6.621643543243408,1.9343376159667969
1a613f9b09db3b7b,train,1a613f9b09db3b7b__underexposure__s3,underexposure,3,medium,1,640.0,480.0,1.3333333333333333,30.030794270833333,35.834757603395815,0.7940885416666666,0.0,0.021868489583333334,0.0,0.0,1.0,20.0,139.0,139.0,138.0,139.0,161.55172741011515,22.182100296020508,41.62549591064453,122.31552734375,0.15324869791666668,0.20664388020833332,3.75468111038208,5.762670040130615,2.848085880279541
1a613f9b09db3b7b,train,1a613f9b09db3b7b__overexposure__s3,overexposure,3,medium,1,640.0,480.0,1.3333333333333333,72.95509114583334,69.43423237223769,0.40044270833333334,0.081845703125,0.005556640625,0.06751627604166667,1.0,4.0,55.0,255.0,255.0,251.0,254.0,1034.610923405584,56.873924255371094,91.24576568603516,117.777841796875,0.11400716145833334,0.16535481770833332,9.071776390075684,7.079981327056885,7.382662773132324
1a613f9b09db3b7b,train,1a613f9b09db3b7b__noise__s3,noise,3,medium,1,640.0,480.0,1.3333333333333333,56.4576953125,63.11173370830168,0.5167350260416667,0.07828450520833333,0.004300130208333333,0.0017643229166666666,1.0,3.0,38.0,244.0,253.0,241.0,252.0,3225.3981510329245,68.54232025146484,72.52208709716797,140.622470703125,0.23020833333333332,0.09107096354166666,12.276281356811523,6.957430362701416,12.440360069274902
1a613f9b09db3b7b,train,1a613f9b09db3b7b__compression__s3,compression,3,medium,1,640.0,480.0,1.3333333333333333,55.500514322916665,65.04984196629258,0.525341796875,0.078564453125,0.006048177083333333,0.0006282552083333333,1.0,2.0,37.0,254.0,254.0,252.0,253.0,433.40878253339133,38.605655670166016,74.33759307861328,118.64550455729167,0.13610677083333333,0.20443684895833333,6.421097755432129,6.567911624908447,4.526895999908447
5c0e559c75d3969c,train,5c0e559c75d3969c__clean,none,0,none,0,375.0,500.0,0.75,100.53068266666666,62.81718628879069,0.13265066666666667,0.06516266666666666,5.333333333333334e-06,0.002912,25.0,30.0,79.0,222.0,253.0,192.0,228.0,2979.6852723305524,84.20625305175781,126.4712142944336,61.99176,0.001504,0.17963733333333334,14.599650382995605,7.5456037521362305,12.179162979125977
5c0e559c75d3969c,train,5c0e559c75d3969c__blur__s3,blur,3,medium,1,375.0,500.0,0.75,100.51482666666666,57.82998529168603,0.10454933333333333,0.04336533333333333,0.0,0.001296,27.0,32.0,81.0,212.0,250.0,180.0,223.0,22.17906049183289,38.387691497802734,48.88970947265625,58.584304,0.0,0.18829866666666667,2.0341391563415527,7.483013153076172,2.3712620735168457
5c0e559c75d3969c,train,5c0e559c75d3969c__motion_blur__s3,motion_blur,3,medium,1,375.0,500.0,0.75,100.52893333333333,57.02334202934405,0.10020266666666666,0.038288,0.0,0.0010186666666666666,27.0,32.0,80.0,210.0,248.0,178.0,221.0,229.30370900411734,44.41767120361328,59.813438415527344,58.000858666666666,0.0,0.19029333333333334,5.1634297370910645,7.471691131591797,4.616916179656982
5c0e559c75d3969c,train,5c0e559c75d3969c__underexposure__s3,underexposure,3,medium,1,375.0,500.0,0.75,54.81717866666666,34.55988580748994,0.43594133333333335,0.0,2.1333333333333335e-05,0.0,13.0,16.0,43.0,122.0,139.0,106.0,126.0,860.7020578013583,46.55889129638672,69.44818878173828,62.93766933333333,0.0018773333333333333,0.18472,7.956637382507324,6.697649955749512,6.635464191436768
5c0e559c75d3969c,train,5c0e559c75d3969c__overexposure__s3,overexposure,3,medium,1,375.0,500.0,0.75,139.02253866666666,74.15146857620897,0.020144,0.25502933333333333,0.0,0.070832,37.0,45.0,118.0,255.0,255.0,210.0,218.0,4690.391821715086,102.13742065429688,150.01576232910156,53.026730666666666,0.0010453333333333332,0.262512,18.031970977783203,7.328302383422852,14.9404296875
5c0e559c75d3969c,train,5c0e559c75d3969c__noise__s3,noise,3,medium,1,375.0,500.0,0.75,99.95023466666666,63.45019945919476,0.153216,0.06676266666666666,5.333333333333334e-06,0.00030933333333333334,12.0,25.0,80.0,225.0,249.0,200.0,237.0,6313.842801899065,112.10835266113281,117.9830093383789,72.29819733333333,0.023242666666666665,0.14624533333333334,18.494260787963867,7.7115607261657715,18.68557357788086
5c0e559c75d3969c,train,5c0e559c75d3969c__compression__s3,compression,3,medium,1,375.0,500.0,0.75,100.49353066666667,62.63351405981513,0.12985066666666667,0.06362133333333334,1.0666666666666667e-05,0.0009173333333333334,24.0,30.0,79.0,222.0,252.0,192.0,228.0,2619.481864001166,85.4862289428711,124.95172882080078,61.23405866666667,0.0032586666666666667,0.18938666666666668,14.226192474365234,7.53400182723999,11.677692413330078
c33842fbbd962684,train,c33842fbbd962684__clean,none,0,none,0,640.0,428.0,1.4953271028037383,83.47380622079439,64.34478614702586,0.3019166179906542,0.06835572429906542,2.1904205607476634e-05,0.011751606308411214,9.0,14.0,67.0,238.0,255.0,224.0,246.0,1092.0864499534828,60.93351364135742,70.322021484375,70.97224737149533,0.012839515186915888,0.1713054906542056,8.584601402282715,7.532005310058594,7.527434825897217
c33842fbbd962684,train,c33842fbbd962684__blur__s3,blur,3,medium,1,640.0,428.0,1.4953271028037383,83.48129745911216,62.4701137711796,0.2898766063084112,0.06275919976635513,0.0,0.011050671728971962,12.0,16.0,68.0,232.0,255.0,216.0,243.0,10.372944632970107,28.127727508544922,33.1288948059082,67.84051547897197,0.00042348130841121494,0.17232403621495326,1.3389804363250732,7.485034942626953,1.634366750717163
c33842fbbd962684,train,c33842fbbd962684__motion_blur__s3,motion_blur,3,medium,1,640.0,428.0,1.4953271028037383,83.48006352219626,61.73131809296475,0.2888069509345794,0.05946991822429906,0.0,0.010488463785046729,13.0,17.0,68.0,226.0,255.0,209.0,242.0,43.406824459755974,27.04759407043457,32.76930236816406,67.28219918224299,0.00021539135514018692,0.1832359813084112,2.2826333045959473,7.478263854980469,2.228661060333252
c33842fbbd962684,train,c33842fbbd962684__underexposure__s3,underexposure,3,medium,1,640.0,428.0,1.4953271028037383,45.45294976635514,35.38240122786108,0.536233206775701,0.0,0.00018253504672897196,0.0,4.0,7.0,36.0,130.0,140.0,123.0,136.0,297.8728859561624,33.53435134887695,38.57835006713867,74.01121495327102,0.01986711448598131,0.17372590537383178,4.619014739990234,6.682869911193848,4.055176258087158
c33842fbbd962684,train,c33842fbbd962684__overexposure__s3,overexposure,3,medium,1,640.0,428.0,1.4953271028037383,115.56788843457944,76.47718380992397,0.1939617406542056,0.16658878504672897,0.0,0.06021831191588785,14.0,21.0,101.0,255.0,255.0,234.0,241.0,1877.608191857086,79.94136047363281,92.9020767211914,68.1633141063084,0.010459258177570093,0.20469115070093458,11.472259521484375,7.580960273742676,9.941458702087402
c33842fbbd962684,train,c33842fbbd962684__noise__s3,noise,3,medium,1,640.0,428.0,1.4953271028037383,83.24026723130841,64.14052750591469,0.2977183119158878,0.06741384345794392,0.0005366530373831776,0.0007922021028037383,3.0,10.0,67.0,232.0,252.0,222.0,249.0,4268.075372221746,85.5738525390625,69.42335510253906,85.20739266939252,0.06106892523364486,0.1392048773364486,14.059142112731934,7.653644561767578,14.623430252075195
c33842fbbd962684,train,c33842fbbd962684__compression__s3,compression,3,medium,1,640.0,428.0,1.4953271028037383,83.4653402453271,64.21806331466237,0.3013033002336449,0.06797240070093458,7.301401869158878e-05,0.006699036214953271,9.0,14.0,67.0,238.0,254.0,224.0,245.0,744.5184389915071,60.09581756591797,69.93099212646484,71.18579877336448,0.01694290303738318,0.1759929906542056,7.858538627624512,7.530652046203613,6.823163032531738
cf670ca35fb16e59,train,cf670ca35fb16e59__clean,none,0,none,0,500.0,375.0,1.3333333333333333,112.223888,50.82126947939012,0.11063466666666667,0.00011733333333333333,5.333333333333334e-06,0.0,18.0,27.0,123.0,177.0,193.0,150.0,175.0,530.9807740330382,40.43989562988281,63.12858963012695,76.97585066666667,0.008037333333333334,0.08541866666666667,6.5800933837890625,7.353577136993408,5.6929731369018555
cf670ca35fb16e59,train,cf670ca35fb16e59__blur__s3,blur,3,medium,1,500.0,375.0,1.3333333333333333,112.21267733333333,49.37836212031763,0.104704,0.0,0.0,0.0,21.0,29.0,120.0,177.0,189.0,148.0,168.0,7.245960072419557,17.648399353027344,26.970441818237305,74.86721066666667,0.002192,0.08286933333333334,1.1046299934387207,7.2887372970581055,1.1557890176773071
cf670ca35fb16e59,train,cf670ca35fb16e59__motion_blur__s3,motion_blur,3,medium,1,500.0,375.0,1.3333333333333333,112.20912,49.4382168181553,0.10012266666666667,0.0,0.0,0.0,21.0,30.0,121.0,177.0,189.0,147.0,168.0,79.74854170578487,19.487619400024414,41.38417053222656,74.247888,0.002192,0.08145066666666667,3.1321613788604736,7.308150291442871,1.9908983707427979
cf670ca35fb16e59,train,cf670ca35fb16e59__underexposure__s3,underexposure,3,medium,1,500.0,375.0,1.3333333333333333,61.241824,27.939882244198717,0.2938186666666667,0.0,3.2e-05,0.0,9.0,15.0,67.0,97.0,105.0,82.0,96.0,137.32052866420622,22.111879348754883,34.66636276245117,77.70234666666667,0.008944,0.08446933333333333,3.500221014022827,6.485274314880371,2.9873733520507812
cf670ca35fb16e59,train,cf670ca35fb16e59__overexposure__s3,overexposure,3,medium,1,500.0,375.0,1.3333333333333333,165.879648,73.4378293120294,0.044389333333333336,0.3900693333333333,0.0,0.04189333333333333,27.0,41.0,184.0,254.0,255.0,213.0,228.0,825.2726603052373,53.814212799072266,90.819091796875,74.31880533333333,0.007637333333333334,0.08683733333333334,8.707829475402832,7.553772926330566,7.09807014465332
cf670ca35fb16e59,train,cf670ca35fb16e59__noise__s3,noise,3,medium,1,500.0,375.0,1.3333333333333333,111.85315733333333,52.273528698229086,0.109616,0.0016213333333333334,0.0,0.0,11.0,25.0,121.0,184.0,201.0,159.0,190.0,4086.3983793343996,75.54859161376953,63.243377685546875,81.69249066666667,0.025637333333333335,0.07766933333333334,13.504838943481445,7.551170349121094,14.130691528320312
cf670ca35fb16e59,train,cf670ca35fb16e59__compression__s3,compression,3,medium,1,500.0,375.0,1.3333333333333333,112.21812266666667,50.72105662512319,0.11033066666666666,0.000128,0.0,0.0,18.0,28.0,123.0,178.0,191.0,150.0,173.0,315.7686391829333,35.884910583496094,63.839534759521484,76.14181333333333,0.006149333333333333,0.085344,5.753725528717041,7.232297897338867,4.247281551361084
7c735e89b3699afc,train,7c735e89b3699afc__clean,none,0,none,0,638.0,640.0,0.996875,189.90306622257054,54.07286649213864,0.022386853448275863,0.36652380485893415,0.0005975705329153605,2.449059561128527e-06,26.0,54.0,208.0,237.0,241.0,183.0,215.0,480.2860999622274,27.777036666870117,56.457210540771484,0.0,0.0,1.0,5.665200710296631,6.81681489944458,4.3894734382629395
7c735e89b3699afc,train,7c735e89b3699afc__blur__s3,blur,3,medium,1,638.0,640.0,0.996875,189.95179271159876,52.90555397848615,0.019041438087774296,0.3561863244514107,0.0,0.0,29.0,56.0,207.0,237.0,241.0,181.0,212.0,5.912202742222883,13.881061553955078,29.99694061279297,0.0,0.0,1.0,0.977920413017273,6.7800750732421875,0.8526149988174438
7c735e89b3699afc,train,7c735e89b3699afc__motion_blur__s3,motion_blur,3,medium,1,638.0,640.0,0.996875,189.90974970611285,52.365262503413284,0.017660168495297807,0.35028898902821315,0.0005314459247648903,0.0,30.0,57.0,207.0,237.0,241.0,180.0,211.0,58.57247487021496,13.658516883850098,33.06644821166992,0.0,0.0,1.0,2.6089465618133545,6.805056571960449,1.1129200458526611
7c735e89b3699afc,train,7c735e89b3699afc__underexposure__s3,underexposure,3,medium,1,638.0,640.0,0.996875,103.96364126175548,29.72171264138095,0.0907450039184953,0.0,0.0008596199059561128,0.0,14.0,29.0,114.0,130.0,133.0,101.0,119.0,111.19701776538763,14.997748374938965,31.01409339904785,0.0,0.0,1.0,2.9433248043060303,5.948022842407227,2.142364025115967
7c735e89b3699afc,train,7c735e89b3699afc__overexposure__s3,overexposure,3,medium,1,638.0,640.0,0.996875,232.61363146551724,56.73789538609114,0.01057259012539185,0.8584859913793104,0.0005045062695924765,0.8229721786833856,38.0,81.0,255.0,255.0,255.0,174.0,217.0,435.1219755467305,13.595332145690918,64.97443389892578,0.0,0.0,1.0,5.645041465759277,1.9745606184005737,1.9632588624954224
7c735e89b3699afc,train,7c735e89b3699afc__noise__s3,noise,3,medium,1,638.0,640.0,0.996875,189.0957974137931,55.23613048240246,0.02809316222570533,0.3566540948275862,5.877742946708464e-05,0.0002400078369905956,22.0,53.0,206.0,242.0,250.0,189.0,228.0,3886.061524432136,66.79948425292969,58.45767593383789,18.489743338557993,0.002627840909090909,0.8347839929467085,12.862031936645508,7.095907688140869,13.29068374633789
7c735e89b3699afc,train,7c735e89b3699afc__compression__s3,compression,3,medium,1,638.0,640.0,0.996875,189.90736187304074,53.99886511814243,0.02247501959247649,0.3737019984326019,0.0005681818181818182,2.938871473354232e-05,26.0,55.0,208.0,238.0,242.0,183.0,216.0,256.6004364555941,23.291505813598633,57.150482177734375,0.0,0.0,1.0,4.8652873039245605,6.649988174438477,2.75331449508667
6f8994bac6aef060,train,6f8994bac6aef060__clean,none,0,none,0,640.0,480.0,1.3333333333333333,153.17165690104167,61.13007213683949,0.022493489583333335,0.178896484375,3.2552083333333335e-06,0.004736328125,30.0,51.0,163.0,240.0,254.0,189.0,224.0,1705.9118951267558,67.25346374511719,84.56351470947266,36.585947265625,0.018753255208333333,0.5543294270833333,10.29001235961914,7.760360240936279,10.031028747558594
6f8994bac6aef060,train,6f8994bac6aef060__blur__s3,blur,3,medium,1,640.0,480.0,1.3333333333333333,153.18332682291665,58.36117189335374,0.007353515625,0.157421875,0.0,0.00013020833333333333,42.0,55.0,162.0,236.0,253.0,181.0,211.0,13.920748604287043,30.134958267211914,40.97059631347656,32.989573567708334,0.012740885416666667,0.5699869791666666,1.584920048713684,7.6875529289245605,1.8748512268066406
6f8994bac6aef060,train,6f8994bac6aef060__motion_blur__s3,motion_blur,3,medium,1,640.0,480.0,1.3333333333333333,153.18666015625,57.57854221731812,0.005693359375,0.159228515625,0.0,0.00012369791666666668,43.0,57.0,161.0,235.0,251.0,178.0,208.0,162.1861423733923,35.732521057128906,50.28798294067383,32.99673828125,0.010104166666666666,0.5659147135416667,4.2174482345581055,7.690662384033203,3.801460027694702
6f8994bac6aef060,train,6f8994bac6aef060__underexposure__s3,underexposure,3,medium,1,640.0,480.0,1.3333333333333333,83.77092447916667,33.59569933769929,0.125595703125,0.0,6.510416666666667e-06,0.0,16.0,28.0,89.0,132.0,139.0,104.0,123.0,463.20257798728943,36.708038330078125,46.439762115478516,36.77601888020833,0.019016927083333333,0.546767578125,5.478790283203125,6.907146453857422,5.347145080566406
6f8994bac6aef060,train,6f8994bac6aef060__overexposure__s3,overexposure,3,medium,1,640.0,480.0,1.3333333333333333,201.36999348958332,63.96359468214256,0.007132161458333334,0.5563151041666666,3.2552083333333335e-06,0.3016634114583333,45.0,76.0,241.0,255.0,255.0,179.0,210.0,2572.0604129179956,64.81266784667969,97.05951690673828,30.125286458333335,0.017985026041666668,0.5998307291666667,11.901613235473633,5.856164932250977,9.999403953552246
6f8994bac6aef060,train,6f8994bac6aef060__noise__s3,noise,3,medium,1,640.0,480.0,1.3333333333333333,152.230888671875,61.82899542647642,0.03136393229166667,0.18037760416666668,1.953125e-05,0.0008919270833333333,24.0,48.0,160.0,241.0,252.0,193.0,228.0,5161.887958709706,93.25668334960938,81.72145080566406,43.408772786458336,0.020748697916666666,0.45103841145833334,15.497653007507324,7.819831848144531,16.3311824798584
6f8994bac6aef060,train,6f8994bac6aef060__compression__s3,compression,3,medium,1,640.0,480.0,1.3333333333333333,153.14447591145833,60.85943848214548,0.019664713541666667,0.17727213541666667,3.2552083333333335e-06,0.004694010416666667,32.0,52.0,163.0,240.0,254.0,188.0,222.0,926.3634616902245,64.69544219970703,84.03279113769531,33.78392578125,0.01568033854166667,0.5754947916666666,8.791499137878418,7.741719722747803,8.208064079284668
692fc5469af5fffd,train,692fc5469af5fffd__clean,none,0,none,0,612.0,612.0,1.0,116.10477006706822,58.77977179937531,0.15060446836686744,0.012118736383442266,0.01726632918962792,2.4029219530949635e-05,0.0,2.0,132.0,193.0,218.0,191.0,218.0,1349.7288369122457,63.747432708740234,75.1633529663086,121.29261715579479,0.1784730231962066,0.03446057072066299,9.328524589538574,7.559084892272949,8.896329879760742
692fc5469af5fffd,train,692fc5469af5fffd__blur__s3,blur,3,medium,1,612.0,612.0,1.0,116.0807221581443,56.39492985309609,0.14217021231150412,0.0031825366312102183,0.008746635909265667,0.0,1.0,4.0,133.0,192.0,209.0,188.0,208.0,12.338411431293032,31.86795997619629,33.94489669799805,118.8610577128455,0.15242000939809475,0.025145243282498186,1.466275691986084,7.501908779144287,1.8421525955200195
692fc5469af5fffd,train,692fc5469af5fffd__motion_blur__s3,motion_blur,3,medium,1,612.0,612.0,1.0,116.08073550771071,55.506930268651715,0.13747917467640652,0.0011747618437353154,0.008842752787389465,0.0,1.0,4.0,133.0,192.0,204.0,188.0,203.0,54.3028401238328,30.667739868164062,32.72124099731445,118.8838267333077,0.149539172967662,0.022293775898158827,2.4738106727600098,7.471774101257324,2.5228328704833984
692fc5469af5fffd,train,692fc5469af5fffd__underexposure__s3,underexposure,3,medium,1,612.0,612.0,1.0,63.38466775599129,32.27263346023417,0.24134948096885814,0.0,0.03638290828313896,0.0,0.0,1.0,72.0,106.0,120.0,105.0,120.0,369.0070027546523,34.811798095703125,41.23007583618164,120.18078516809774,0.18256867016959288,0.051329082831389636,4.974379539489746,6.688878059387207,4.745346546173096
692fc5469af5fffd,train,692fc5469af5fffd__overexposure__s3,overexposure,3,medium,1,612.0,612.0,1.0,167.28827053697296,80.58207609140362,0.12630558759451493,0.37351285830236236,0.01570176000683498,0.03726931949250288,0.0,4.0,198.0,254.0,255.0,250.0,255.0,2122.1587425777875,76.18831634521484,103.50284576416016,114.0305464778504,0.18013637917040454,0.15063650732624204,11.797415733337402,7.521240711212158,10.526679039001465
692fc5469af5fffd,train,692fc5469af5fffd__noise__s3,noise,3,medium,1,612.0,612.0,1.0,116.39571585714896,58.679173469926795,0.15288724422230765,0.01668161818104148,0.002058503139818019,0.0,1.0,7.0,129.0,197.0,223.0,190.0,222.0,4689.016873103623,88.5484619140625,74.05976867675781,123.1256114101414,0.16113727626126703,0.02358334401298646,14.728272438049316,7.677655220031738,15.377683639526367
692fc5469af5fffd,train,692fc5469af5fffd__compression__s3,compression,3,medium,1,612.0,612.0,1.0,116.1516377248067,58.46889743655911,0.14921077363407237,0.011050771070955616,0.019415609381007306,0.0,0.0,2.0,133.0,193.0,217.0,191.0,217.0,710.3357144140979,61.523582458496094,73.37635040283203,118.4573855141185,0.16537709855183905,0.043837306164295785,7.803131103515625,7.544132232666016,7.180582046508789
ffa3d472d44184b1,train,ffa3d472d44184b1__clean,none,0,none,0,640.0,366.0,1.7486338797814207,124.4131275614754,55.73788762388041,0.076349043715847,0.0602416325136612,0.00043971994535519125,6.830601092896175e-05,3.0,31.0,118.0,220.0,248.0,189.0,245.0,21404.284434203208,103.01244354248047,142.68064880371094,33.74394637978142,0.011129610655737705,0.5504909494535519,34.952117919921875,7.722532272338867,25.716449737548828
ffa3d472d44184b1,train,ffa3d472d44184b1__blur__s3,blur,3,medium,1,640.0,366.0,1.7486338797814207,124.42572575136612,41.599712827270814,0.05892247267759563,0.0013618510928961748,4.269125683060109e-06,0.0,3.0,36.0,128.0,187.0,203.0,151.0,200.0,7.862461353313279,15.940016746520996,32.25135040283203,29.40161799863388,0.004896687158469946,0.5758025956284153,1.1323438882827759,7.220852851867676,1.0374548435211182
ffa3d472d44184b1,train,ffa3d472d44184b1__motion_blur__s3,motion_blur,3,medium,1,640.0,366.0,1.7486338797814207,124.42418886612022,41.79070678317139,0.059477459016393446,0.0024889002732240437,0.0,0.0,3.0,36.0,128.0,186.0,202.0,150.0,199.0,184.53842537656882,20.442262649536133,46.195167541503906,29.467042349726775,0.005379098360655738,0.578620218579235,4.12766170501709,7.233651638031006,2.7003684043884277
ffa3d472d44184b1,train,ffa3d472d44184b1__underexposure__s3,underexposure,3,medium,1,640.0,366.0,1.7486338797814207,67.95705259562841,30.60209972038543,0.16255976775956285,0.0,0.0016692281420765027,0.0,1.0,16.0,65.0,121.0,136.0,105.0,135.0,6394.990363972982,56.570064544677734,78.36251068115234,32.975157957650275,0.009345116120218579,0.5419014685792349,19.14600944519043,6.861745834350586,14.052781105041504
ffa3d472d44184b1,train,ffa3d472d44184b1__overexposure__s3,overexposure,3,medium,1,640.0,366.0,1.7486338797814207,174.8177681010929,66.96708948671657,0.04103056693989071,0.3367742486338798,0.00047814207650273224,0.06507001366120219,4.0,46.0,177.0,255.0,255.0,209.0,251.0,27467.360890539163,110.01409149169922,153.67698669433594,28.226361851092896,0.00858094262295082,0.6485356898907104,37.983802795410156,7.326128005981445,28.988492965698242
ffa3d472d44184b1,train,ffa3d472d44184b1__noise__s3,noise,3,medium,1,640.0,366.0,1.7486338797814207,123.98093835382514,56.5394135511408,0.07629781420765028,0.06489924863387977,0.0005037568306010928,5.5498633879781424e-05,5.0,27.0,119.0,222.0,246.0,195.0,241.0,24566.67476036441,130.197265625,130.7689971923828,43.017114924863385,0.018207821038251366,0.35189122267759565,36.51319885253906,7.790227890014648,30.835905075073242
ffa3d472d44184b1,train,ffa3d472d44184b1__compression__s3,compression,3,medium,1,640.0,366.0,1.7486338797814207,124.3625981898907,55.71348804231287,0.07587943989071039,0.060365437158469946,0.00033726092896174865,2.5614754098360656e-05,2.0,30.0,118.0,221.0,249.0,191.0,247.0,21535.877940223825,104.38792419433594,141.7163543701172,31.288750853825135,0.009985484972677596,0.5926699112021858,34.95562744140625,7.681405067443848,25.4478816986084
8746b068c166782f,train,8746b068c166782f__clean,none,0,none,0,640.0,384.0,1.6666666666666667,136.4677530924479,54.09532648488911,0.032059733072916666,0.0810546875,0.0,0.0010294596354166667,27.0,49.0,125.0,228.0,254.0,179.0,227.0,119.85103978309368,30.006736755371094,47.23247528076172,137.60179036458334,0.2578531901041667,0.06749674479166666,3.3340299129486084,7.53659200668335,3.123253107070923
8746b068c166782f,train,8746b068c166782f__blur__s3,blur,3,medium,1,640.0,384.0,1.6666666666666667,136.46521809895833,53.17757365985749,0.027461751302083334,0.0785400390625,0.0,0.00011800130208333333,29.0,52.0,125.0,226.0,254.0,174.0,225.0,5.860830947491858,19.948083877563477,31.066560745239258,137.18032633463542,0.25565185546875,0.06848958333333334,0.9738585352897644,7.515378952026367,1.0262858867645264
8746b068c166782f,train,8746b068c166782f__motion_blur__s3,motion_blur,3,medium,1,640.0,384.0,1.6666666666666667,136.47014567057292,52.95308392648898,0.028255208333333334,0.077783203125,0.0,0.00042724609375,28.0,52.0,125.0,226.0,254.0,174.0,226.0,15.803965063078534,20.929615020751953,33.88426208496094,136.93601888020834,0.25440673828125,0.06775716145833334,1.5464614629745483,7.5188703536987305,1.4230138063430786
8746b068c166782f,train,8746b068c166782f__underexposure__s3,underexposure,3,medium,1,640.0,384.0,1.6666666666666667,74.5810791015625,29.746162738472083,0.0964111328125,0.0,0.0,0.0,15.0,26.0,68.0,125.0,139.0,99.0,124.0,33.63847290509277,16.57991600036621,25.942546844482422,139.00245361328126,0.267236328125,0.06644287109375,1.8175708055496216,6.6868462562561035,1.6971585750579834
8746b068c166782f,train,8746b068c166782f__overexposure__s3,overexposure,3,medium,1,640.0,384.0,1.6666666666666667,186.94493001302084,57.754686347481915,0.008784993489583334,0.3846964518229167,0.0,0.11035970052083334,41.0,73.0,187.0,255.0,255.0,182.0,214.0,148.70943297915989,31.500158309936523,58.93205642700195,125.89371744791667,0.25853271484375,0.19957682291666667,3.852874279022217,7.0514678955078125,3.197113275527954
8746b068c166782f,train,8746b068c166782f__noise__s3,noise,3,medium,1,640.0,384.0,1.6666666666666667,135.75111083984376,54.87393389767138,0.03449300130208333,0.08961995442708333,2.0345052083333332e-05,0.0008097330729166667,21.0,48.0,126.0,231.0,251.0,183.0,230.0,3634.203626453612,68.83536529541016,49.181373596191406,138.30498453776042,0.24705810546875,0.06585286458333334,12.217909812927246,7.710103988647461,12.88654613494873
8746b068c166782f,train,8746b068c166782f__compression__s3,compression,3,medium,1,640.0,384.0,1.6666666666666667,136.46877848307292,54.040742266331314,0.03172607421875,0.08129069010416666,0.0,0.00047607421875,28.0,49.0,125.0,228.0,254.0,179.0,226.0,75.70224452310138,27.972219467163086,47.264427185058594,137.63263753255208,0.2563680013020833,0.07085367838541666,2.9288763999938965,7.4942803382873535,2.513545274734497
d5c4394c712e5c24,train,d5c4394c712e5c24__clean,none,0,none,0,500.0,375.0,1.3333333333333333,108.674848,56.245421207806444,0.07608,0.06102933333333333,0.0,6.933333333333333e-05,11.0,31.0,97.0,223.0,248.0,192.0,237.0,1183.8453226528995,70.9837875366211,78.60567474365234,166.81419733333334,0.378,0.04212266666666667,8.91787338256836,7.712183952331543,8.8037109375
d5c4394c712e5c24,train,d5c4394c712e5c24__blur__s3,blur,3,medium,1,500.0,375.0,1.3333333333333333,108.64392533333333,53.35555169019519,0.06202666666666667,0.052954666666666664,0.0,0.0,15.0,37.0,99.0,217.0,246.0,180.0,231.0,15.062693270499556,38.09329605102539,39.12700271606445,165.785504,0.37017066666666665,0.03541866666666667,1.6461471319198608,7.640157699584961,2.1546380519866943
d5c4394c712e5c24,train,d5c4394c712e5c24__motion_blur__s3,motion_blur,3,medium,1,500.0,375.0,1.3333333333333333,108.652336,52.37492814069633,0.056501333333333334,0.05164266666666667,0.0,0.0,19.0,38.0,99.0,217.0,244.0,179.0,225.0,64.35827069735822,37.724143981933594,40.657981872558594,165.54577066666667,0.36293333333333333,0.03432,2.8483991622924805,7.609025955200195,2.9802732467651367
d5c4394c712e5c24,train,d5c4394c712e5c24__underexposure__s3,underexposure,3,medium,1,500.0,375.0,1.3333333333333333,59.298245333333334,30.914890205009808,0.2977493333333333,0.0,5.333333333333333e-05,0.0,5.0,17.0,53.0,122.0,136.0,105.0,131.0,308.7305066638222,39.06296920776367,43.11408996582031,168.261856,0.3875573333333333,0.04059733333333333,4.753633975982666,6.853516578674316,4.7117228507995605
d5c4394c712e5c24,train,d5c4394c712e5c24__overexposure__s3,overexposure,3,medium,1,500.0,375.0,1.3333333333333333,151.345664,66.07390750060954,0.040293333333333334,0.223072,0.0,0.04895466666666667,16.0,47.0,144.0,254.0,255.0,207.0,239.0,1530.7468212204374,85.59233856201172,97.35515594482422,159.33378133333332,0.375264,0.103024,10.494425773620605,7.690742492675781,10.2827730178833
d5c4394c712e5c24,train,d5c4394c712e5c24__noise__s3,noise,3,medium,1,500.0,375.0,1.3333333333333333,108.40027733333334,56.857101925702764,0.089376,0.059957333333333335,0.00015466666666666667,0.00010666666666666667,10.0,29.0,98.0,222.0,247.0,193.0,237.0,4466.973673618091,94.91484069824219,76.2877197265625,164.30522133333332,0.355232,0.043754666666666664,14.4302396774292,7.754480361938477,15.422442436218262
d5c4394c712e5c24,train,d5c4394c712e5c24__compression__s3,compression,3,medium,1,500.0,375.0,1.3333333333333333,108.71812266666667,55.97063831303832,0.074496,0.060229333333333336,1.6e-05,8e-05,11.0,32.0,97.0,222.0,247.0,190.0,236.0,690.8132522929493,70.20030975341797,76.35916137695312,166.02868266666667,0.36293333333333333,0.037744,7.816953182220459,7.707971572875977,7.843262672424316
1cccef217a1e5eec,train,1cccef217a1e5eec__clean,none,0,none,0,375.0,500.0,0.75,57.510496,39.96551435718029,0.43176533333333333,0.000304,5.333333333333334e-06,0.0,5.0,7.0,48.0,121.0,144.0,114.0,139.0,235.98714084519824,31.795917510986328,51.4105224609375,202.093936,0.5960693333333333,0.0012373333333333333,4.624331951141357,6.953268051147461,3.781611919403076
1cccef217a1e5eec,train,1cccef217a1e5eec__blur__s3,blur,3,medium,1,375.0,500.0,0.75,57.494992,38.68027096061508,0.425824,0.0,0.0,0.0,5.0,8.0,48.0,120.0,138.0,112.0,133.0,5.834975643192888,18.166284561157227,26.612367630004883,201.63854933333334,0.590896,0.0005226666666666666,0.9684925675392151,6.886397838592529,1.050437331199646
1cccef217a1e5eec,train,1cccef217a1e5eec__motion_blur__s3,motion_blur,3,medium,1,375.0,500.0,0.75,57.501706666666664,38.49407742870699,0.421296,0.00016,0.0,0.0,6.0,8.0,48.0,120.0,140.0,112.0,134.0,58.605695910798225,20.494253158569336,36.472312927246094,202.110496,0.5911413333333333,0.0006986666666666667,2.687896251678467,6.905004501342773,1.856082558631897
1cccef217a1e5eec,train,1cccef217a1e5eec__underexposure__s3,underexposure,3,medium,1,375.0,500.0,0.75,31.166368,21.990121699418644,0.64896,0.0,0.00039466666666666665,0.0,2.0,3.0,26.0,66.0,78.0,63.0,76.0,65.88287456765156,17.575565338134766,28.140583038330078,206.96562666666668,0.6331253333333333,0.014010666666666666,2.505095958709717,6.102330684661865,2.065145254135132
1cccef217a1e5eec,train,1cccef217a1e5eec__overexposure__s3,overexposure,3,medium,1,375.0,500.0,0.75,84.633312,57.78074146210531,0.31592,0.007712,0.0,5.333333333333334e-06,7.0,11.0,71.0,172.0,212.0,161.0,205.0,370.71662381337603,44.11707305908203,71.61588287353516,202.372448,0.59912,0.001216,6.011431694030762,7.443580627441406,5.007205486297607
1cccef217a1e5eec,train,1cccef217a1e5eec__noise__s3,noise,3,medium,1,375.0,500.0,0.75,58.759904,40.78295953676548,0.41582933333333333,0.0002933333333333333,0.0011306666666666668,0.0,2.0,6.0,50.0,129.0,150.0,123.0,148.0,3199.6845599424,65.02960968017578,51.641441345214844,195.82525866666666,0.584144,0.004533333333333334,11.71092414855957,7.134361267089844,12.223420143127441
1cccef217a1e5eec,train,1cccef217a1e5eec__compression__s3,compression,3,medium,1,375.0,500.0,0.75,57.540992,39.91899049728842,0.43149866666666664,0.0002826666666666667,5.333333333333334e-06,0.0,5.0,8.0,48.0,121.0,143.0,113.0,138.0,165.97058053051737,29.772253036499023,50.9697380065918,200.69261333333333,0.5892053333333334,0.011072,4.197965621948242,6.8897929191589355,3.2036917209625244
59471a9bed5c28ac,train,59471a9bed5c28ac__clean,none,0,none,0,640.0,480.0,1.3333333333333333,145.92889322916668,69.51660826044,0.04892903645833333,0.226875,6.510416666666667e-06,0.007197265625,20.0,40.0,139.0,254.0,254.0,214.0,234.0,4761.155487147173,115.2314224243164,122.24657440185547,65.49833333333333,0.015843098958333333,0.308203125,17.432695388793945,7.5023040771484375,16.364891052246094
59471a9bed5c28ac,train,59471a9bed5c28ac__blur__s3,blur,3,medium,1,640.0,480.0,1.3333333333333333,145.9409375,63.933247821346264,0.028792317708333334,0.20228515625,0.0,0.000244140625,27.0,50.0,138.0,254.0,254.0,204.0,227.0,24.991275620767805,45.60966873168945,43.99311828613281,61.69107747395833,0.002242838541666667,0.321142578125,2.1411585807800293,7.4274492263793945,2.823920249938965
59471a9bed5c28ac,train,59471a9bed5c28ac__motion_blur__s3,motion_blur,3,medium,1,640.0,480.0,1.3333333333333333,145.95013020833332,62.81522387322569,0.02578125,0.19338216145833334,0.0,0.0009244791666666667,29.0,51.0,138.0,254.0,254.0,203.0,225.0,207.84368609084024,49.39353561401367,49.187007904052734,61.05237630208333,0.0016243489583333333,0.3260319010416667,4.827075481414795,7.431018829345703,4.795475959777832
59471a9bed5c28ac,train,59471a9bed5c28ac__underexposure__s3,underexposure,3,medium,1,640.0,480.0,1.3333333333333333,79.77312174479167,38.2111429582941,0.16989908854166666,0.0,6.8359375e-05,0.0,11.0,22.0,76.0,139.0,140.0,117.0,129.0,1376.3313645399303,63.565284729003906,67.20011901855469,66.18912760416667,0.017926432291666666,0.30822916666666667,9.506484031677246,6.720746040344238,8.930400848388672
59471a9bed5c28ac,train,59471a9bed5c28ac__overexposure__s3,overexposure,3,medium,1,640.0,480.0,1.3333333333333333,187.7687890625,67.74382725640861,0.019876302083333332,0.4708756510416667,6.510416666666667e-06,0.18582682291666666,31.0,60.0,207.0,255.0,255.0,195.0,224.0,6587.5489098129165,126.21648406982422,145.03811645507812,59.97025390625,0.012620442708333334,0.36526041666666664,20.32083511352539,6.808000087738037,18.157808303833008
59471a9bed5c28ac,train,59471a9bed5c28ac__noise__s3,noise,3,medium,1,640.0,480.0,1.3333333333333333,144.31754231770833,68.63270247132259,0.055364583333333335,0.223916015625,4.2317708333333335e-05,0.003404947916666667,15.0,37.0,139.0,251.0,254.0,214.0,239.0,7719.4104746614985,132.3450469970703,116.90026092529297,71.79046223958333,0.027659505208333334,0.287353515625,20.464492797851562,7.816696643829346,20.95782470703125
59471a9bed5c28ac,train,59471a9bed5c28ac__compression__s3,compression,3,medium,1,640.0,480.0,1.3333333333333333,145.84063802083332,69.27062156002123,0.048597005208333335,0.22518880208333333,8.138020833333333e-05,0.00580078125,20.0,40.0,139.0,254.0,254.0,214.0,234.0,4020.0171216854096,116.93597412109375,120.5564956665039,65.18996744791667,0.018356119791666667,0.316533203125,16.920751571655273,7.492595672607422,15.899250984191895
2f1bfa7634a64f79,train,2f1bfa7634a64f79__clean,none,0,none,0,640.0,427.0,1.4988290398126465,116.92882757611241,60.05156673892776,0.0772248243559719,0.14331454918032788,7.318501170960187e-05,0.002499268149882904,13.0,30.0,105.0,250.0,253.0,220.0,240.0,2509.8694329343,45.63127899169922,97.66712951660156,121.32201039227166,0.011877927400468384,0.1641722775175644,11.968472480773926,5.973534107208252,7.365026950836182
2f1bfa7634a64f79,train,2f1bfa7634a64f79__blur__s3,blur,3,medium,1,640.0,427.0,1.4988290398126465,116.9351580796253,57.225568410397145,0.037997658079625296,0.13440427400468383,0.0,3.6592505854800937e-06,31.0,42.0,105.0,249.0,251.0,207.0,220.0,10.444913632634467,18.3056583404541,40.77901077270508,117.16413202576112,0.0,0.16496633489461357,1.3747670650482178,5.815620422363281,1.2249709367752075
2f1bfa7634a64f79,train,2f1bfa7634a64f79__motion_blur__s3,motion_blur,3,medium,1,640.0,427.0,1.4988290398126465,116.93769759953162,57.11408024065889,0.034868998829039814,0.13392491217798594,0.0,2.1955503512880562e-05,31.0,43.0,104.0,249.0,252.0,206.0,221.0,145.4709562308291,21.872543334960938,52.85694122314453,116.93405664519906,2.5614754098360656e-05,0.1635465456674473,3.9872686862945557,5.879491806030273,2.5499062538146973
2f1bfa7634a64f79,train,2f1bfa7634a64f79__underexposure__s3,underexposure,3,medium,1,640.0,427.0,1.4988290398126465,63.8230093676815,32.992948165458394,0.1515442037470726,0.0,0.00015002927400468383,0.0,7.0,16.0,57.0,137.0,139.0,121.0,132.0,695.581886366815,25.27033805847168,53.49386978149414,122.90175278103044,0.013451405152224824,0.16105459601873537,6.417271137237549,5.130256652832031,4.012027263641357
2f1bfa7634a64f79,train,2f1bfa7634a64f79__overexposure__s3,overexposure,3,medium,1,640.0,427.0,1.4988290398126465,156.84902298009368,55.86597658564676,0.04003220140515223,0.15817476580796253,3.659250585480094e-05,0.12763831967213116,19.0,45.0,156.0,255.0,255.0,210.0,236.0,4564.6929302622575,57.179378509521484,118.65370178222656,116.00457040398126,0.010688670960187354,0.1747584894613583,15.696232795715332,5.868311405181885,9.423378944396973
2f1bfa7634a64f79,train,2f1bfa7634a64f79__noise__s3,noise,3,medium,1,640.0,427.0,1.4988290398126465,115.87153834894613,59.58867352554469,0.0762331674473068,0.14149956088992974,9.148126463700235e-05,0.0017015515222482435,9.0,29.0,105.0,248.0,254.0,219.0,245.0,5743.409748230224,83.87181091308594,88.71931457519531,125.61691305620609,0.028637295081967214,0.15627561475409837,16.336111068725586,7.084202766418457,15.914259910583496
2f1bfa7634a64f79,train,2f1bfa7634a64f79__compression__s3,compression,3,medium,1,640.0,427.0,1.4988290398126465,116.90688305035128,59.83531456583733,0.07237997658079626,0.1428168911007026,0.00013905152224824357,0.001445403981264637,13.0,32.0,104.0,250.0,252.0,218.0,239.0,1995.7539807073938,43.48332214355469,97.69632720947266,121.52741144613583,0.014743120608899297,0.16400029274004685,11.358972549438477,5.446162223815918,6.608449459075928
5d3d8315695f7c71,train,5d3d8315695f7c71__clean,none,0,none,0,480.0,640.0,0.75,109.18826497395834,58.1081966273602,0.122822265625,0.0526171875,0.00017252604166666667,0.0017643229166666666,9.0,18.0,107.0,220.0,254.0,202.0,245.0,2568.88389529545,66.34771728515625,103.30645751953125,107.03802734375,0.11530924479166667,0.1778125,12.92617416381836,7.652655124664307,11.022397994995117
5d3d8315695f7c71,train,5d3d8315695f7c71__blur__s3,blur,3,medium,1,480.0,640.0,0.75,109.175556640625,54.42725084867007,0.10186197916666667,0.04139973958333333,0.0,7.161458333333333e-05,14.0,26.0,107.0,206.0,254.0,180.0,240.0,13.6151203549597,28.0778751373291,44.41841125488281,102.599453125,0.09246419270833334,0.18410481770833334,1.5863674879074097,7.533552169799805,1.7049612998962402
5d3d8315695f7c71,train,5d3d8315695f7c71__motion_blur__s3,motion_blur,3,medium,1,480.0,640.0,0.75,109.18025065104166,53.23637155599159,0.09625325520833333,0.038766276041666665,0.0,0.0004524739583333333,13.0,25.0,108.0,203.0,254.0,178.0,241.0,251.95954165581594,32.69594192504883,55.15693664550781,101.612919921875,0.08212890625,0.1786328125,5.113412380218506,7.553571701049805,3.4016621112823486
5d3d8315695f7c71,train,5d3d8315695f7c71__underexposure__s3,underexposure,3,medium,1,480.0,640.0,0.75,59.581461588541664,31.929138125001522,0.27267903645833336,0.0,0.000458984375,0.0,5.0,10.0,58.0,121.0,139.0,111.0,134.0,712.7945355073612,36.099578857421875,56.85826873779297,108.457470703125,0.12069661458333333,0.18069661458333333,6.95076847076416,6.797178745269775,5.864687442779541
5d3d8315695f7c71,train,5d3d8315695f7c71__overexposure__s3,overexposure,3,medium,1,480.0,640.0,0.75,154.02005533854165,70.43397454573636,0.07791666666666666,0.21998697916666668,8.138020833333333e-05,0.08269856770833334,13.0,27.0,160.0,255.0,255.0,228.0,242.0,4315.136039884398,82.46919250488281,124.6373062133789,104.84933919270833,0.11507486979166667,0.19990234375,16.333908081054688,7.507896423339844,13.897968292236328
5d3d8315695f7c71,train,5d3d8315695f7c71__noise__s3,noise,3,medium,1,480.0,640.0,0.75,108.77880533854167,58.31424899690284,0.12661783854166667,0.056787109375,0.00022786458333333334,0.0007194010416666667,6.0,19.0,106.0,223.0,252.0,204.0,246.0,5911.179759127034,93.22045135498047,97.8291015625,109.53445638020834,0.11232747395833333,0.14378255208333332,17.140918731689453,7.773550033569336,17.117706298828125
5d3d8315695f7c71,train,5d3d8315695f7c71__compression__s3,compression,3,medium,1,480.0,640.0,0.75,109.16383138020834,57.72933059070349,0.12200846354166667,0.05204752604166667,0.000146484375,0.0011328125,10.0,20.0,107.0,220.0,254.0,200.0,244.0,1672.6160114844006,62.07632827758789,103.16896057128906,105.555771484375,0.105458984375,0.184169921875,11.670926094055176,7.611442565917969,8.724913597106934
63c6fae2e3defd4b,train,63c6fae2e3defd4b__clean,none,0,none,0,640.0,359.0,1.7827298050139275,97.15193680362117,59.939198426406946,0.19819376740947076,0.04195682451253482,0.0019977367688022284,0.003986768802228412,2.0,9.0,93.0,206.0,254.0,197.0,252.0,1678.195317846426,67.39008331298828,85.59435272216797,85.23762621866295,0.15130135793871866,0.24706650417827297,9.829885482788086,7.753148555755615,8.99763298034668
63c6fae2e3defd4b,train,63c6fae2e3defd4b__blur__s3,blur,3,medium,1,640.0,359.0,1.7827298050139275,97.17279770194986,56.82969221338794,0.18850104456824512,0.03306493732590529,0.0,0.0016147284122562675,3.0,11.0,96.0,194.0,251.0,183.0,248.0,14.815834205202346,39.05165481567383,47.38620376586914,83.5058887534819,0.14364554317548747,0.23788736072423397,1.6523685455322266,7.684686660766602,2.006282329559326
63c6fae2e3defd4b,train,63c6fae2e3defd4b__motion_blur__s3,motion_blur,3,medium,1,640.0,359.0,1.7827298050139275,97.16921135097493,55.756077346262245,0.18603760445682452,0.029770194986072425,0.0,0.0018584610027855154,3.0,10.0,98.0,190.0,251.0,180.0,248.0,81.33409209062573,38.473506927490234,49.577842712402344,83.24820247214484,0.13861855849582172,0.23884923398328692,3.1044182777404785,7.660665512084961,2.8835396766662598
63c6fae2e3defd4b,train,63c6fae2e3defd4b__underexposure__s3,underexposure,3,medium,1,640.0,359.0,1.7827298050139275,52.970373433147635,32.96946887669957,0.38149808495821724,0.0,0.004408948467966574,0.0,1.0,4.0,51.0,113.0,139.0,109.0,138.0,447.48428894751913,37.18806838989258,47.10891342163086,87.10509227019499,0.15496605153203344,0.2536081128133705,5.260242462158203,6.893514633178711,4.796706199645996
63c6fae2e3defd4b,train,63c6fae2e3defd4b__overexposure__s3,overexposure,3,medium,1,640.0,359.0,1.7827298050139275,136.1874216573816,75.29419704860905,0.12415128830083566,0.1890625,0.0008225974930362117,0.033321727019498606,3.0,13.0,137.0,254.0,255.0,241.0,252.0,2578.567027871687,82.36597442626953,103.11527252197266,80.7557407729805,0.1370299442896936,0.2783556754874652,12.304073333740234,7.857898235321045,11.08686637878418
63c6fae2e3defd4b,train,63c6fae2e3defd4b__noise__s3,noise,3,medium,1,640.0,359.0,1.7827298050139275,97.09519933844011,59.89983255730987,0.20031337047353762,0.042357242339832867,0.00125783426183844,0.00044829387186629525,2.0,10.0,93.0,207.0,249.0,197.0,247.0,4833.99909524094,92.49242401123047,82.31481170654297,104.54425487465181,0.17976149025069638,0.14955605849582174,14.870569229125977,7.790589332580566,15.483564376831055
63c6fae2e3defd4b,train,63c6fae2e3defd4b__compression__s3,compression,3,medium,1,640.0,359.0,1.7827298050139275,97.10553621169916,59.651407748433385,0.19855066155988857,0.041112465181058495,0.000796483286908078,0.0014798050139275766,2.0,9.0,93.0,205.0,253.0,196.0,251.0,921.9665883197356,66.35701751708984,84.53750610351562,85.61706998607242,0.14838527158774373,0.26100713788300833,8.521809577941895,7.7195234298706055,7.611672401428223
24bb77a31928404e,train,24bb77a31928404e__clean,none,0,none,0,640.0,480.0,1.3333333333333333,113.57970052083333,66.7055927847469,0.1549609375,0.09807291666666666,2.604166666666667e-05,0.004147135416666667,11.0,21.0,107.0,238.0,253.0,217.0,242.0,6114.2756434875055,103.40913391113281,123.76175689697266,106.52726888020834,0.09607096354166667,0.1257421875,18.306398391723633,7.8843841552734375,15.877554893493652
24bb77a31928404e,train,24bb77a31928404e__blur__s3,blur,3,medium,1,640.0,480.0,1.3333333333333333,113.59644856770834,60.88855567343262,0.12649739583333333,0.06222330729166667,0.0,0.0033170572916666665,14.0,24.0,110.0,224.0,251.0,200.0,237.0,22.97216018977695,44.73691177368164,45.72500228881836,100.45687174479167,0.06489583333333333,0.12290690104166667,2.0621018409729004,7.810398101806641,2.6914730072021484
24bb77a31928404e,train,24bb77a31928404e__motion_blur__s3,motion_blur,3,medium,1,640.0,480.0,1.3333333333333333,113.59838216145833,59.55961076948712,0.11830078125,0.05650390625,0.0,0.003128255208333333,14.0,24.0,111.0,220.0,251.0,196.0,237.0,247.97979528465268,47.29153060913086,52.20015335083008,97.68524088541666,0.059580078125,0.12400390625,5.0931315422058105,7.800129413604736,4.60443115234375
24bb77a31928404e,train,24bb77a31928404e__underexposure__s3,underexposure,3,medium,1,640.0,480.0,1.3333333333333333,62.01794596354166,36.71167937525833,0.32984375,0.0,9.440104166666666e-05,0.0,6.0,11.0,59.0,130.0,139.0,119.0,133.0,1813.2715757137296,57.1447639465332,68.13809204101562,107.85766276041667,0.10052083333333334,0.1221875,10.039082527160645,7.033493518829346,8.671524047851562
24bb77a31928404e,train,24bb77a31928404e__overexposure__s3,overexposure,3,medium,1,640.0,480.0,1.3333333333333333,154.82914388020833,77.87528372563267,0.08720052083333334,0.3186946614583333,6.510416666666667e-06,0.04201497395833333,17.0,31.0,161.0,254.0,255.0,223.0,238.0,7544.226449157673,111.87554931640625,144.23370361328125,98.23384114583334,0.09324544270833333,0.18103515625,20.42852020263672,7.664708137512207,17.384218215942383
24bb77a31928404e,train,24bb77a31928404e__noise__s3,noise,3,medium,1,640.0,480.0,1.3333333333333333,113.22091796875,66.5350382312852,0.15236653645833334,0.09676432291666667,0.00012369791666666668,0.0004654947916666667,6.0,18.0,107.0,236.0,251.0,218.0,245.0,9072.358262161242,123.70758056640625,116.4417953491211,109.76588541666666,0.11654622395833333,0.1005078125,21.174224853515625,7.922264099121094,20.900522232055664
24bb77a31928404e,train,24bb77a31928404e__compression__s3,compression,3,medium,1,640.0,480.0,1.3333333333333333,113.52226888020833,66.45834940712784,0.152919921875,0.09602864583333333,0.00015299479166666668,0.0019498697916666666,11.0,21.0,108.0,238.0,252.0,217.0,241.0,5659.047125894324,104.8092041015625,122.45282745361328,105.43841796875,0.09599934895833333,0.12083658854166666,18.114986419677734,7.880802154541016,15.355758666992188
c7e6e15f4db067c3,train,c7e6e15f4db067c3__clean,none,0,none,0,640.0,480.0,1.3333333333333333,99.011845703125,59.66196814019471,0.231162109375,0.0012174479166666666,0.0,1.6276041666666666e-05,14.0,19.0,90.0,189.0,195.0,170.0,181.0,497.35238226165774,36.57377624511719,58.19776153564453,56.376842447916665,0.004915364583333333,0.42630859375,5.907283782958984,7.4690775871276855,5.085008144378662
c7e6e15f4db067c3,train,c7e6e15f4db067c3__blur__s3,blur,3,medium,1,640.0,480.0,1.3333333333333333,99.014892578125,58.516567411927525,0.212373046875,0.00052734375,0.0,0.0,16.0,20.0,89.0,189.0,193.0,169.0,177.0,6.557249218400319,19.64327049255371,30.576128005981445,52.309886067708334,5.208333333333334e-05,0.44305338541666667,1.0334317684173584,7.406501770019531,1.1235870122909546
c7e6e15f4db067c3,train,c7e6e15f4db067c3__motion_blur__s3,motion_blur,3,medium,1,640.0,480.0,1.3333333333333333,99.01131184895833,57.98879431340404,0.20940104166666668,0.00035807291666666664,0.0,0.0,16.0,20.0,89.0,188.0,193.0,168.0,177.0,26.78076170501709,20.064380645751953,30.778564453125,51.78040364583333,3.255208333333333e-05,0.43848307291666666,1.8227046728134155,7.423243522644043,1.6223794221878052
c7e6e15f4db067c3,train,c7e6e15f4db067c3__underexposure__s3,underexposure,3,medium,1,640.0,480.0,1.3333333333333333,53.97270833333334,32.808959887733884,0.41849609375,0.0,6.510416666666667e-06,0.0,7.0,10.0,49.0,103.0,107.0,93.0,100.0,138.03847313095727,20.011924743652344,31.97543716430664,56.161484375,0.005413411458333333,0.43200520833333333,3.1746530532836914,6.604446887969971,2.7302300930023193
c7e6e15f4db067c3,train,c7e6e15f4db067c3__overexposure__s3,overexposure,3,medium,1,640.0,480.0,1.3333333333333333,144.36407877604168,84.00045384087494,0.138447265625,0.30236653645833333,0.0,0.12940755208333332,20.0,28.0,135.0,255.0,255.0,227.0,235.0,971.0017382805719,49.37039566040039,82.96082305908203,54.30305338541667,0.005660807291666667,0.43478841145833336,8.231451988220215,7.261676788330078,6.799701690673828
c7e6e15f4db067c3,train,c7e6e15f4db067c3__noise__s3,noise,3,medium,1,640.0,480.0,1.3333333333333333,98.888408203125,60.566524137505155,0.22493489583333334,0.004147135416666667,3.90625e-05,3.2552083333333335e-06,6.0,14.0,93.0,193.0,208.0,179.0,202.0,3988.0623495106584,73.11619567871094,57.89683151245117,66.91634114583333,0.03875325520833333,0.29253255208333334,13.099576950073242,7.68508243560791,13.711517333984375
c7e6e15f4db067c3,train,c7e6e15f4db067c3__compression__s3,compression,3,medium,1,640.0,480.0,1.3333333333333333,99.00589518229167,59.58509966943596,0.23041341145833333,0.0011588541666666668,1.3020833333333334e-05,0.0,15.0,19.0,90.0,190.0,194.0,171.0,179.0,296.4990460365189,32.606689453125,58.798946380615234,53.51534830729167,0.0012760416666666666,0.43890299479166667,5.138076305389404,7.330818176269531,3.818194627761841
bc37072a4f32bc99,train,bc37072a4f32bc99__clean,none,0,none,0,500.0,375.0,1.3333333333333333,79.429888,47.746748765133624,0.220176,0.008714666666666667,5.333333333333334e-06,0.0009813333333333334,21.0,24.0,67.0,170.0,200.0,146.0,179.0,992.9443712972516,42.1945915222168,65.22272491455078,116.85590933333333,0.030282666666666666,0.06274133333333333,7.798270225524902,7.1538286209106445,6.55389928817749
bc37072a4f32bc99,train,bc37072a4f32bc99__blur__s3,blur,3,medium,1,500.0,375.0,1.3333333333333333,79.43415466666667,45.796208289829096,0.21300266666666667,0.005616,0.0,9.066666666666667e-05,24.0,26.0,68.0,169.0,185.0,143.0,161.0,8.420661307733335,21.536529541015625,32.46368408203125,114.32506666666667,0.0032,0.06507733333333333,1.1977773904800415,7.099067687988281,1.1709458827972412
bc37072a4f32bc99,train,bc37072a4f32bc99__motion_blur__s3,motion_blur,3,medium,1,500.0,375.0,1.3333333333333333,79.43185066666666,45.19214953582498,0.21058666666666667,0.0031413333333333332,0.0,1.0666666666666667e-05,24.0,26.0,69.0,168.0,182.0,142.0,158.0,69.44467186062222,22.679288864135742,32.72934341430664,114.330688,0.0035466666666666667,0.06252266666666667,2.6142640113830566,7.10050630569458,2.2231709957122803
bc37072a4f32bc99,train,bc37072a4f32bc99__underexposure__s3,underexposure,3,medium,1,500.0,375.0,1.3333333333333333,43.224304,26.22832193861407,0.562016,0.0,0.0,0.0,12.0,13.0,36.0,93.0,110.0,80.0,98.0,255.27123704317157,23.221370697021484,35.791683197021484,118.42799466666666,0.032672,0.060277333333333336,4.114724636077881,6.293074607849121,3.4478416442871094
bc37072a4f32bc99,train,bc37072a4f32bc99__overexposure__s3,overexposure,3,medium,1,500.0,375.0,1.3333333333333333,116.72754133333333,66.32337020695113,0.08790933333333334,0.15131733333333333,0.0,0.003248,33.0,36.0,100.0,244.0,253.0,208.0,220.0,1610.5721366890666,56.5272102355957,81.59563446044922,115.21648,0.027621333333333335,0.064912,10.182820320129395,7.5451226234436035,8.550722122192383
bc37072a4f32bc99,train,bc37072a4f32bc99__noise__s3,noise,3,medium,1,500.0,375.0,1.3333333333333333,79.151472,49.097909204295206,0.22294933333333333,0.008805333333333333,6.4e-05,0.00014933333333333332,8.0,18.0,67.0,172.0,206.0,154.0,198.0,4395.18479238858,76.2677001953125,63.82451629638672,126.06181333333333,0.08354666666666667,0.025445333333333334,13.921629905700684,7.423360824584961,14.44769287109375
bc37072a4f32bc99,train,bc37072a4f32bc99__compression__s3,compression,3,medium,1,500.0,375.0,1.3333333333333333,79.41496533333333,47.47942561895063,0.22051733333333334,0.008629333333333333,0.0,0.0005066666666666667,23.0,24.0,67.0,170.0,201.0,146.0,178.0,499.8554063479182,40.23268508911133,64.28524017333984,115.933984,0.018837333333333334,0.06592,6.420182228088379,7.114450931549072,5.031235694885254
90fab997d1351b1c,train,90fab997d1351b1c__clean,none,0,none,0,612.0,612.0,1.0,145.42675893886965,48.2560440243255,0.006196868725703789,0.032874642231620316,0.0,0.0,43.0,56.0,149.0,212.0,224.0,156.0,181.0,372.8311920025467,54.39137649536133,68.82111358642578,25.35412661796745,1.8689392968516384e-05,0.7231780511768978,6.39716911315918,7.391347408294678,6.360482215881348
90fab997d1351b1c,train,90fab997d1351b1c__blur__s3,blur,3,medium,1,612.0,612.0,1.0,145.43115094621726,46.14930506954954,0.0022667563757529157,0.026683113332478962,0.0,0.0,47.0,58.0,147.0,211.0,222.0,153.0,175.0,10.388045191473202,25.922386169433594,32.734642028808594,24.720847216882397,0.0,0.7312251698064847,1.3450387716293335,7.321542739868164,1.663223147392273
90fab997d1351b1c,train,90fab997d1351b1c__motion_blur__s3,motion_blur,3,medium,1,612.0,612.0,1.0,145.4281633132556,45.907037343847634,0.002798069118715024,0.026608355760604895,0.0,0.0,47.0,59.0,146.0,211.0,222.0,152.0,175.0,95.65971687263685,28.866151809692383,45.31916809082031,24.358112798496304,0.0,0.7338310051689522,3.438305377960205,7.331749439239502,2.677394151687622
90fab997d1351b1c,train,90fab997d1351b1c__underexposure__s3,underexposure,3,medium,1,612.0,612.0,1.0,79.51686584219745,26.55438993479297,0.09330278952539621,0.0,0.0,0.0,23.0,30.0,81.0,116.0,123.0,86.0,100.0,110.28255690176462,29.972848892211914,37.81058883666992,25.662314708018283,2.669913281216626e-05,0.7193253663121022,3.505845308303833,6.534219264984131,3.492929458618164
90fab997d1351b1c,train,90fab997d1351b1c__overexposure__s3,overexposure,3,medium,1,612.0,612.0,1.0,203.4562027425349,57.28082746251985,0.00022961254218462984,0.525094514930155,0.0,0.3216925114272288,64.0,84.0,223.0,255.0,255.0,171.0,191.0,619.2946729890214,62.116294860839844,93.58454895019531,19.604404288948697,2.669913281216626e-05,0.737464757144688,8.170478820800781,5.852224349975586,7.490190505981445
90fab997d1351b1c,train,90fab997d1351b1c__noise__s3,noise,3,medium,1,612.0,612.0,1.0,144.93488081507112,50.059493092174826,0.016809774018539878,0.053593169293861334,0.0,0.0,34.0,56.0,149.0,216.0,233.0,160.0,199.0,4084.3706189145587,85.35087585449219,68.72889709472656,34.34556687598787,0.0006247597078046905,0.477839719765902,13.66756534576416,7.589615821838379,14.715194702148438
90fab997d1351b1c,train,90fab997d1351b1c__compression__s3,compression,3,medium,1,612.0,612.0,1.0,145.4246790764236,48.26189273851537,0.00633837412960827,0.032957409543338034,0.0,0.0,43.0,56.0,149.0,212.0,224.0,156.0,181.0,368.89535541882753,54.25797653198242,68.60120391845703,24.749393929685162,3.737878593703277e-05,0.7268358323721645,6.3748459815979,7.360687255859375,6.233816146850586
1a0ad595a5675bdc,train,1a0ad595a5675bdc__clean,none,0,none,0,640.0,427.0,1.4988290398126465,153.92615266393443,40.33701640845616,0.011647394613583138,0.06932450234192038,7.318501170960187e-06,0.013422131147540983,29.0,112.0,147.0,231.0,255.0,119.0,226.0,1799.7148292033944,66.85084533691406,74.26586151123047,61.820049033957844,0.0011526639344262295,0.23498609484777516,10.525424003601074,6.951329708099365,9.600982666015625
1a0ad595a5675bdc,train,1a0ad595a5675bdc__blur__s3,blur,3,medium,1,640.0,427.0,1.4988290398126465,153.93217944964871,36.834937701090354,0.0102019906323185,0.05391905737704918,0.0,0.009166422716627634,38.0,114.0,149.0,218.0,254.0,104.0,216.0,10.338094177830238,26.538909912109375,28.620473861694336,60.26839505269321,7.684426229508197e-05,0.22805547423887587,1.326000452041626,6.87872314453125,1.677020788192749
1a0ad595a5675bdc,train,1a0ad595a5675bdc__motion_blur__s3,motion_blur,3,medium,1,640.0,427.0,1.4988290398126465,153.94074575526932,36.73492236264447,0.008676083138173302,0.05241144613583138,0.0,0.008855386416861826,49.0,114.0,149.0,217.0,254.0,103.0,205.0,122.99928004110828,36.03937530517578,37.88885498046875,60.258668764637,3.659250585480094e-05,0.22489754098360656,3.7373039722442627,6.881399631500244,3.8552985191345215
1a0ad595a5675bdc,train,1a0ad595a5675bdc__underexposure__s3,underexposure,3,medium,1,640.0,427.0,1.4988290398126465,84.19215456674473,22.16168840995325,0.014216188524590164,0.0,5.122950819672131e-05,0.0,15.0,61.0,80.0,126.0,140.0,65.0,125.0,489.9684900338125,36.88047409057617,40.76609802246094,61.84921692037471,0.0014234484777517565,0.22881659836065574,5.657227993011475,6.120171546936035,5.171818256378174
1a0ad595a5675bdc,train,1a0ad595a5675bdc__overexposure__s3,overexposure,3,medium,1,640.0,427.0,1.4988290398126465,214.51808035714285,39.30746916448678,0.009590895784543325,0.5186914519906323,0.0,0.12784689695550353,42.0,168.0,219.0,255.0,255.0,87.0,213.0,1503.4133877798122,57.85503387451172,73.65819549560547,55.93433108899298,0.0010282494145199064,0.32720286885245903,9.686101913452148,6.17809534072876,8.428263664245605
1a0ad595a5675bdc,train,1a0ad595a5675bdc__noise__s3,noise,3,medium,1,640.0,427.0,1.4988290398126465,153.18353337236533,41.65615358344717,0.011018003512880563,0.07603556791569087,2.5614754098360656e-05,0.0007355093676814988,34.0,99.0,148.0,230.0,252.0,131.0,218.0,5198.045392542772,94.02056121826172,70.9470443725586,64.5920850409836,0.0026712529274004683,0.21025322014051523,15.637289047241211,7.290626049041748,16.380434036254883
1a0ad595a5675bdc,train,1a0ad595a5675bdc__compression__s3,compression,3,medium,1,640.0,427.0,1.4988290398126465,153.89847775175645,40.0136210418045,0.011570550351288057,0.06835846018735363,1.0977751756440281e-05,0.008632172131147541,29.0,111.0,147.0,229.0,254.0,118.0,225.0,1154.884309385813,66.3975830078125,73.37109375,61.08539593091335,0.0015734777517564403,0.2351288056206089,9.474550247192383,6.973353385925293,8.639456748962402
5643dd54684df975,train,5643dd54684df975__clean,none,0,none,0,640.0,539.0,1.1873840445269017,103.54263682745825,58.447925919966075,0.16396393784786642,0.017361433209647496,0.008580705009276438,0.00023480983302411873,1.0,9.0,98.0,196.0,223.0,187.0,222.0,4563.891474263712,127.0166015625,131.54258728027344,69.81674107142857,0.049005681818181816,0.37677411873840444,18.199750900268555,7.75662088394165,18.199796676635742
5643dd54684df975,train,5643dd54684df975__blur__s3,blur,3,medium,1,640.0,539.0,1.1873840445269017,103.50581516697588,50.591075589574025,0.12499130333951762,0.0018842764378478665,0.0036728896103896103,0.0,3.0,19.0,99.0,182.0,201.0,163.0,198.0,31.45766647260137,47.218082427978516,44.891136169433594,60.73336618738404,0.003467068645640074,0.37760899814471244,2.467561960220337,7.584923267364502,3.2382559776306152
5643dd54684df975,train,5643dd54684df975__motion_blur__s3,motion_blur,3,medium,1,640.0,539.0,1.1873840445269017,103.5192051252319,53.48076941318135,0.1338821892393321,0.009221358998144712,0.005658627087198516,4.0584415584415584e-05,1.0,15.0,98.0,188.0,214.0,173.0,213.0,1281.4092820040537,86.00831604003906,107.70487976074219,63.65899814471243,0.019921150278293137,0.36918773191094617,11.71257209777832,7.66611909866333,10.716065406799316
5643dd54684df975,train,5643dd54684df975__underexposure__s3,underexposure,3,medium,1,640.0,539.0,1.1873840445269017,56.480618042671615,32.088572143895384,0.3224895640074211,0.0,0.014155264378478664,0.0,0.0,5.0,53.0,107.0,122.0,102.0,122.0,1302.962343353546,69.79597473144531,72.2828140258789,69.91304209183673,0.05297715677179963,0.382496521335807,9.898030281066895,6.892317771911621,9.85954475402832
5643dd54684df975,train,5643dd54684df975__overexposure__s3,overexposure,3,medium,1,640.0,539.0,1.1873840445269017,149.4644741419295,79.09034089528228,0.11530322356215213,0.2794903756957328,0.007789308905380334,0.05463242115027829,1.0,13.0,146.0,255.0,255.0,242.0,254.0,7926.902822402334,163.78866577148438,176.94992065429688,66.95053049628943,0.04805484693877551,0.4263363868274583,24.121490478515625,7.594958305358887,23.63654136657715
5643dd54684df975,train,5643dd54684df975__noise__s3,noise,3,medium,1,640.0,539.0,1.1873840445269017,103.6044439935065,58.86129800760881,0.1672222866419295,0.021564819109461966,0.0010812847866419294,1.7393320964749537e-05,2.0,11.0,99.0,200.0,228.0,189.0,226.0,7698.597427492325,143.8083953857422,125.46441650390625,78.56879638218923,0.06483070500927644,0.2503826530612245,21.238046646118164,7.797240257263184,22.393882751464844
5643dd54684df975,train,5643dd54684df975__compression__s3,compression,3,medium,1,640.0,539.0,1.1873840445269017,103.62343170222634,58.16208909056881,0.16365955473098331,0.016761363636363637,0.006310876623376624,0.000124652133580705,1.0,10.0,98.0,195.0,223.0,185.0,222.0,3845.0294877014862,126.80381774902344,130.75125122070312,68.12700892857143,0.04971880797773655,0.3787569573283859,17.625276565551758,7.7573442459106445,17.339908599853516
cb4972816eb01ebe,train,cb4972816eb01ebe__clean,none,0,none,0,640.0,640.0,1.0,169.18445556640626,64.74492022086166,0.03230712890625,0.30362060546875,0.000322265625,0.05517822265625,15.0,54.0,169.0,255.0,255.0,201.0,240.0,740.8102906923057,62.230751037597656,94.1771011352539,143.223974609375,0.426767578125,0.212578125,8.396729469299316,7.476740837097168,6.9029221534729
cb4972816eb01ebe,train,cb4972816eb01ebe__blur__s3,blur,3,medium,1,640.0,640.0,1.0,169.18623291015626,61.905723964657184,0.0238916015625,0.3006787109375,0.0,0.01759033203125,24.0,62.0,169.0,254.0,255.0,192.0,231.0,15.611745600455999,42.02705383300781,48.73104476928711,141.9835693359375,0.41563232421875,0.20488525390625,1.726152777671814,7.61391019821167,2.1350202560424805
cb4972816eb01ebe,train,cb4972816eb01ebe__motion_blur__s3,motion_blur,3,medium,1,640.0,640.0,1.0,169.15302734375,61.10197611350892,0.0211083984375,0.29010009765625,0.00018310546875,0.03237060546875,25.0,64.0,169.0,254.0,255.0,190.0,230.0,236.26871055696014,41.59120559692383,65.24604797363281,141.72395263671876,0.40612548828125,0.195322265625,5.123043537139893,7.587931156158447,3.263596773147583
cb4972816eb01ebe,train,cb4972816eb01ebe__underexposure__s3,underexposure,3,medium,1,640.0,640.0,1.0,92.6171630859375,35.627505371864466,0.079677734375,0.0,0.00069091796875,0.0,8.0,29.0,93.0,140.0,140.0,111.0,132.0,212.62495605466367,34.494117736816406,51.86903762817383,143.8862109375,0.4291455078125,0.21091552734375,4.600436687469482,6.704136848449707,3.779900550842285
cb4972816eb01ebe,train,cb4972816eb01ebe__overexposure__s3,overexposure,3,medium,1,640.0,640.0,1.0,207.338408203125,58.26186361891452,0.01971435546875,0.58819580078125,0.00018310546875,0.2555810546875,22.0,81.0,230.0,255.0,255.0,174.0,233.0,699.9295092770518,51.89201354980469,95.03970336914062,129.4997314453125,0.409765625,0.3570654296875,7.964408874511719,6.210533142089844,5.3012285232543945
cb4972816eb01ebe,train,cb4972816eb01ebe__noise__s3,noise,3,medium,1,640.0,640.0,1.0,167.4314208984375,63.31237085093405,0.03310791015625,0.29965087890625,9.033203125e-05,0.0037451171875,16.0,53.0,170.0,252.0,254.0,199.0,238.0,3635.171094109053,86.51900482177734,87.11229705810547,139.81560546875,0.4063232421875,0.21306640625,13.419302940368652,7.710745811462402,13.964374542236328
cb4972816eb01ebe,train,cb4972816eb01ebe__compression__s3,compression,3,medium,1,640.0,640.0,1.0,169.1743798828125,64.4493193714078,0.03169189453125,0.3039404296875,0.0002294921875,0.0376513671875,15.0,55.0,169.0,254.0,255.0,199.0,240.0,626.4747279586733,61.508888244628906,92.56800842285156,142.024794921875,0.41519287109375,0.2100830078125,8.066689491271973,7.497139930725098,6.480795860290527
77131e2f74aa7e37,train,77131e2f74aa7e37__clean,none,0,none,0,612.0,612.0,1.0,99.30916260839848,54.19239517306206,0.13743378615062582,0.0021572899312230337,0.0,0.0,17.0,26.0,85.0,188.0,204.0,162.0,187.0,289.18403027427047,49.768333435058594,72.17227935791016,81.74899344269298,0.14333429450211457,0.21479452347387756,5.813246250152588,7.47633695602417,4.995638847351074
77131e2f74aa7e37,train,77131e2f74aa7e37__blur__s3,blur,3,medium,1,612.0,612.0,1.0,99.30479997009697,52.2340464480915,0.1163121021829211,1.334956640608313e-05,0.0,0.0,19.0,28.0,85.0,186.0,194.0,158.0,175.0,11.169841047788626,29.42759132385254,35.778499603271484,80.91128145157845,0.13487066940065787,0.2101088256653424,1.4186522960662842,7.424959182739258,1.682151198387146
77131e2f74aa7e37,train,77131e2f74aa7e37__motion_blur__s3,motion_blur,3,medium,1,612.0,612.0,1.0,99.30122228630015,52.008058170010585,0.11322301251655346,0.0001014567046862318,0.0,0.0,19.0,29.0,85.0,186.0,194.0,157.0,175.0,60.21662180571793,31.150651931762695,44.754150390625,81.43821553675937,0.12842549873980094,0.2047022512708787,2.903548240661621,7.424322128295898,2.5048131942749023
77131e2f74aa7e37,train,77131e2f74aa7e37__underexposure__s3,underexposure,3,medium,1,612.0,612.0,1.0,54.13904641377248,29.802899664364627,0.3993602887778205,0.0,0.0,0.0,9.0,14.0,46.0,103.0,111.0,89.0,102.0,86.49956691517899,27.51936149597168,39.65403747558594,82.47174697765817,0.14616974240676664,0.2188127429621086,3.197253942489624,6.61728572845459,2.777492046356201
77131e2f74aa7e37,train,77131e2f74aa7e37__overexposure__s3,overexposure,3,medium,1,612.0,612.0,1.0,142.60573123584945,75.21124324325592,0.05409244307744884,0.2673918151138451,0.0,0.10367006279636037,26.0,38.0,120.0,255.0,255.0,217.0,229.0,498.8421796295526,65.84024047851562,96.05815124511719,76.41536641889871,0.13101264470929985,0.2767498611645094,7.56395149230957,7.358426094055176,6.603639125823975
77131e2f74aa7e37,train,77131e2f74aa7e37__noise__s3,noise,3,medium,1,612.0,612.0,1.0,99.14031462258106,55.42787572175644,0.14484546541928317,0.0061461403733606736,7.20876585928489e-05,0.0,10.0,22.0,87.0,193.0,211.0,171.0,201.0,3774.2796930302943,82.92518615722656,68.76313781738281,91.62227401853988,0.15081806142936477,0.16283000128155836,13.052530288696289,7.639582633972168,13.930688858032227
77131e2f74aa7e37,train,77131e2f74aa7e37__compression__s3,compression,3,medium,1,612.0,612.0,1.0,99.3101691657055,54.21084385834155,0.13762601990687343,0.002336174121064548,0.0,0.0,17.0,26.0,85.0,188.0,203.0,162.0,186.0,297.430586312993,50.148109436035156,71.80875396728516,82.17657738476655,0.14173768635994702,0.19185195864838311,5.835602283477783,7.433258056640625,5.029518127441406
0acb919d23df8f51,train,0acb919d23df8f51__clean,none,0,none,0,429.0,640.0,0.6703125,148.6006483100233,63.21543772828566,0.06695439976689976,0.13596299533799533,1.0926573426573427e-05,3.277972027972028e-05,20.0,35.0,165.0,224.0,232.0,189.0,212.0,4878.993807775795,75.88790893554688,106.64212799072266,36.5479275932401,0.00449446386946387,0.455506993006993,16.084060668945312,7.585711479187012,12.913071632385254
0acb919d23df8f51,train,0acb919d23df8f51__blur__s3,blur,3,medium,1,429.0,640.0,0.6703125,148.59146634615385,59.16437119033786,0.026198280885780887,0.11685241841491842,0.0,0.0,34.0,46.0,163.0,221.0,227.0,175.0,193.0,13.440401576074912,24.810138702392578,37.14768600463867,32.69645979020979,0.00016754079254079255,0.46240166083916084,1.5297354459762573,7.436838150024414,1.6378607749938965
0acb919d23df8f51,train,0acb919d23df8f51__motion_blur__s3,motion_blur,3,medium,1,429.0,640.0,0.6703125,148.59114947552447,58.683957849208696,0.027218094405594407,0.11586538461538462,0.0,0.0,34.0,46.0,163.0,221.0,227.0,175.0,193.0,189.55237743325057,31.437515258789062,45.64385223388672,32.50229458041958,5.099067599067599e-05,0.4653372668997669,4.425500869750977,7.44951057434082,3.629486560821533
0acb919d23df8f51,train,0acb919d23df8f51__underexposure__s3,underexposure,3,medium,1,429.0,640.0,0.6703125,81.24020614801864,34.73125454283947,0.1964233682983683,0.0,3.277972027972028e-05,0.0,10.0,19.0,90.0,122.0,127.0,103.0,117.0,1401.7149556842203,41.59208679199219,58.788543701171875,37.253725961538464,0.005674533799533799,0.43665501165501164,8.740459442138672,6.713079929351807,6.81055212020874
0acb919d23df8f51,train,0acb919d23df8f51__overexposure__s3,overexposure,3,medium,1,429.0,640.0,0.6703125,199.28301646270396,74.13398150965058,0.022242861305361305,0.6463650932400933,1.0926573426573427e-05,0.33924096736596737,30.0,53.0,243.0,255.0,255.0,202.0,225.0,8339.531919886173,85.66668701171875,137.78367614746094,28.499774184149185,0.0039481351981351985,0.6097501456876457,20.741968154907227,5.782131195068359,14.349311828613281
0acb919d23df8f51,train,0acb919d23df8f51__noise__s3,noise,3,medium,1,429.0,640.0,0.6703125,148.13028117715618,64.25232324631651,0.0733136655011655,0.13687718531468532,2.9137529137529138e-05,3.642191142191142e-05,13.0,32.0,165.0,230.0,243.0,198.0,230.0,8197.267173230453,103.7530288696289,100.80970764160156,44.38058712121212,0.013778409090909091,0.3839087995337995,19.72216033935547,7.755598068237305,19.105213165283203
0acb919d23df8f51,train,0acb919d23df8f51__compression__s3,compression,3,medium,1,429.0,640.0,0.6703125,148.60738636363635,63.09165791368229,0.06559950466200466,0.13410547785547786,1.821095571095571e-05,1.821095571095571e-05,18.0,35.0,165.0,223.0,231.0,188.0,213.0,4297.236225728436,73.7824935913086,108.2919921875,35.95108537296037,0.007404574592074592,0.422122668997669,15.70325756072998,7.55372428894043,11.26425552368164
237e72d5ffb557b5,train,237e72d5ffb557b5__clean,none,0,none,0,640.0,426.0,1.5023474178403755,118.24728213028169,68.04806816837844,0.11666299882629108,0.10597857981220657,6.235328638497653e-05,0.0,13.0,28.0,104.0,222.0,240.0,194.0,227.0,518.7784010975317,32.037139892578125,54.338645935058594,61.63524427816901,0.006668133802816901,0.154856220657277,5.590102195739746,7.654210090637207,3.3964617252349854
237e72d5ffb557b5,train,237e72d5ffb557b5__blur__s3,blur,3,medium,1,640.0,426.0,1.5023474178403755,118.24776628521127,67.14668246812138,0.1074493838028169,0.09834213615023474,0.0,0.0,18.0,30.0,103.0,221.0,240.0,191.0,222.0,5.743365100135056,21.428926467895508,28.77855110168457,60.1396933685446,0.0028535798122065726,0.1558832159624413,0.9534333348274231,7.621978282928467,0.964783251285553
237e72d5ffb557b5,train,237e72d5ffb557b5__motion_blur__s3,motion_blur,3,medium,1,640.0,426.0,1.5023474178403755,118.2484521713615,66.6224560625037,0.1034881161971831,0.09187206572769953,0.0,0.0,19.0,31.0,103.0,219.0,240.0,188.0,221.0,24.648413155234174,20.749738693237305,27.526721954345703,59.33356073943662,0.0019549589201877933,0.16580839201877934,1.6567693948745728,7.627222061157227,1.1757023334503174
237e72d5ffb557b5,train,237e72d5ffb557b5__underexposure__s3,underexposure,3,medium,1,640.0,426.0,1.5023474178403755,64.567939407277,37.441059977851964,0.33782643779342725,0.0,0.00034110915492957744,0.0,7.0,15.0,57.0,122.0,132.0,107.0,125.0,140.39606001081924,17.814489364624023,29.76583480834961,62.64010416666667,0.008362676056338027,0.14725278755868546,3.004356622695923,6.812407493591309,1.8750178813934326
237e72d5ffb557b5,train,237e72d5ffb557b5__overexposure__s3,overexposure,3,medium,1,640.0,426.0,1.5023474178403755,160.1646016725352,79.95407495101043,0.03986942488262911,0.3766395246478873,2.9342723004694835e-05,0.2023987676056338,20.0,42.0,154.0,255.0,255.0,213.0,235.0,850.4870935378507,38.30270004272461,73.5909423828125,50.18912852112676,0.0065214201877934275,0.3638974471830986,7.318188190460205,6.778752326965332,4.126138210296631
237e72d5ffb557b5,train,237e72d5ffb557b5__noise__s3,noise,3,medium,1,640.0,426.0,1.5023474178403755,117.77354386737089,68.81225434078979,0.12936473004694835,0.10531103286384977,0.00010636737089201878,3.6678403755868545e-05,9.0,24.0,103.0,228.0,244.0,204.0,235.0,4027.2223411439686,71.23272705078125,54.52583694458008,69.87121112089201,0.02183832159624413,0.1390038145539906,13.003344535827637,7.86845588684082,13.459805488586426
237e72d5ffb557b5,train,237e72d5ffb557b5__compression__s3,compression,3,medium,1,640.0,426.0,1.5023474178403755,118.24840082159625,68.00503304282884,0.11575337441314554,0.1080362382629108,3.6678403755868545e-05,0.0,14.0,28.0,104.0,222.0,240.0,194.0,226.0,327.57035580687096,31.5872802734375,54.16255569458008,61.6981073943662,0.006341696009389671,0.13756235328638497,5.013700485229492,7.571900844573975,3.003448247909546
5c4214d0503ea4ad,train,5c4214d0503ea4ad__clean,none,0,none,0,500.0,396.0,1.2626262626262625,215.33831818181818,54.89087347002962,0.002717171717171717,0.6496464646464647,5.050505050505051e-06,0.30962121212121213,57.0,96.0,251.0,255.0,255.0,159.0,198.0,2333.909374064866,67.9087905883789,110.56869506835938,0.0,0.0,1.0,12.017905235290527,5.492520332336426,9.784024238586426
5c4214d0503ea4ad,train,5c4214d0503ea4ad__blur__s3,blur,3,medium,1,500.0,396.0,1.2626262626262625,215.41413131313132,50.32895807095563,0.0,0.6382323232323233,0.0,0.22735353535353536,74.0,107.0,242.0,255.0,255.0,148.0,181.0,17.848801184547497,36.31892395019531,53.52082061767578,0.0,0.0,1.0,1.8410608768463135,5.949891090393066,2.022437810897827
5c4214d0503ea4ad,train,5c4214d0503ea4ad__motion_blur__s3,motion_blur,3,medium,1,500.0,396.0,1.2626262626262625,215.41153535353536,48.78014656864872,7.07070707070707e-05,0.6249444444444444,0.0,0.23294444444444445,79.0,112.0,240.0,255.0,255.0,143.0,176.0,123.01887797977247,38.34762191772461,57.71401596069336,0.0,0.0,1.0,3.8386857509613037,5.958011627197266,3.224278688430786
5c4214d0503ea4ad,train,5c4214d0503ea4ad__underexposure__s3,underexposure,3,medium,1,500.0,396.0,1.2626262626262625,118.0484797979798,30.230777985159026,0.021868686868686867,0.0,1.0101010101010101e-05,0.0,31.0,52.0,137.0,140.0,142.0,88.0,111.0,640.5064139179419,37.68002700805664,60.78771209716797,0.0,0.0,1.0,6.483290195465088,5.201941013336182,5.281249046325684
5c4214d0503ea4ad,train,5c4214d0503ea4ad__overexposure__s3,overexposure,3,medium,1,500.0,396.0,1.2626262626262625,239.7804090909091,37.670956272695165,0.0005505050505050505,0.863469696969697,0.0,0.7104444444444444,85.0,143.0,255.0,255.0,255.0,112.0,170.0,1845.2514671065196,39.7547607421875,98.7218246459961,0.0,0.0,1.0,10.370546340942383,2.7772088050842285,6.202046871185303
5c4214d0503ea4ad,train,5c4214d0503ea4ad__noise__s3,noise,3,medium,1,500.0,396.0,1.2626262626262625,210.52776767676767,53.015457977005944,0.004161616161616161,0.6455353535353535,1.0101010101010101e-05,0.014015151515151515,53.0,94.0,237.0,254.0,255.0,160.0,202.0,4305.57772345179,87.30007934570312,102.79457092285156,12.208530303030303,0.00017171717171717173,0.8965909090909091,14.810070037841797,6.693305969238281,14.493636131286621
5c4214d0503ea4ad,train,5c4214d0503ea4ad__compression__s3,compression,3,medium,1,500.0,396.0,1.2626262626262625,215.0558282828283,54.47122050221398,0.0027424242424242424,0.650060606060606,2.5252525252525253e-05,0.2649292929292929,57.0,96.0,248.0,255.0,255.0,159.0,198.0,1529.682631667789,67.11952209472656,107.79259490966797,0.0,0.0,1.0,10.816842079162598,5.658523082733154,8.678149223327637
adba86ef9a0dd155,train,adba86ef9a0dd155__clean,none,0,none,0,640.0,427.0,1.4988290398126465,123.26453454332552,62.965892019212696,0.11143149882903981,0.07169569672131147,0.001595433255269321,0.00026346604215456674,14.0,28.0,125.0,225.0,247.0,197.0,233.0,2002.4485083021607,67.22557830810547,102.84190368652344,51.310648419203744,0.005210772833723653,0.2572270199063232,12.132285118103027,7.836946487426758,9.772541046142578
adba86ef9a0dd155,train,adba86ef9a0dd155__blur__s3,blur,3,medium,1,640.0,427.0,1.4988290398126465,123.26409543325526,59.67956987195001,0.08038275761124122,0.05660494730679157,0.0014088114754098361,0.0,20.0,34.0,124.0,218.0,244.0,184.0,224.0,13.757234334537749,32.11774444580078,42.77589416503906,49.18546179742389,0.0020162470725995315,0.258178425058548,1.5868983268737793,7.772223472595215,1.8431352376937866
adba86ef9a0dd155,train,adba86ef9a0dd155__motion_blur__s3,motion_blur,3,medium,1,640.0,427.0,1.4988290398126465,123.26271589578454,59.36304962050772,0.07675278103044496,0.05648785128805621,0.0009148126463700235,0.0,20.0,34.0,124.0,218.0,243.0,184.0,223.0,261.1684147242582,39.48368453979492,59.611324310302734,48.811526639344265,0.000936768149882904,0.26399663348946134,5.377939701080322,7.768527507781982,4.090478420257568
adba86ef9a0dd155,train,adba86ef9a0dd155__underexposure__s3,underexposure,3,medium,1,640.0,427.0,1.4988290398126465,67.3269174473068,34.60334394900834,0.28286007025761123,0.0,0.002305327868852459,0.0,7.0,15.0,68.0,123.0,135.0,108.0,128.0,574.0486201078385,37.14784622192383,56.490657806396484,52.17785787470726,0.00585480093676815,0.2597445843091335,6.60994815826416,6.9764556884765625,5.338719367980957
adba86ef9a0dd155,train,adba86ef9a0dd155__overexposure__s3,overexposure,3,medium,1,640.0,427.0,1.4988290398126465,171.06750585480094,76.91182489062658,0.04075673302107728,0.39628220140515225,0.0015259074941451991,0.17096384660421546,21.0,43.0,187.0,255.0,255.0,212.0,234.0,3182.285458343792,77.66477966308594,129.80902099609375,43.115742096018735,0.0046618852459016395,0.3870060011709602,15.11642837524414,7.015970230102539,11.463211059570312
adba86ef9a0dd155,train,adba86ef9a0dd155__noise__s3,noise,3,medium,1,640.0,427.0,1.4988290398126465,122.76930986533958,63.753181419498105,0.11550058548009368,0.07525980679156909,0.00021955503512880562,0.00021589578454332553,9.0,24.0,124.0,226.0,247.0,202.0,238.0,5447.778093256002,98.40513610839844,96.40415954589844,60.96822306791569,0.01651053864168618,0.19958284543325527,16.78987693786621,7.902830600738525,17.115373611450195
adba86ef9a0dd155,train,adba86ef9a0dd155__compression__s3,compression,3,medium,1,640.0,427.0,1.4988290398126465,123.24428790983606,62.86897975958242,0.10828088407494145,0.07107362412177987,0.0015259074941451991,0.0002305327868852459,13.0,29.0,125.0,224.0,247.0,195.0,234.0,1697.8864853092955,67.94093322753906,102.42202758789062,51.618127927400465,0.006945257611241218,0.26017271662763464,11.778755187988281,7.814424514770508,9.373878479003906
2f0360e89d71b146,train,2f0360e89d71b146__clean,none,0,none,0,640.0,425.0,1.5058823529411764,96.43433088235294,49.22862969537781,0.1789080882352941,0.003654411764705882,0.0003235294117647059,2.2058823529411766e-05,10.0,18.0,104.0,166.0,199.0,148.0,189.0,2214.544684522005,62.081295013427734,100.27277374267578,67.01479411764706,0.05216544117647059,0.3044852941176471,12.014348983764648,7.458335876464844,8.662652969360352
2f0360e89d71b146,train,2f0360e89d71b146__blur__s3,blur,3,medium,1,640.0,425.0,1.5058823529411764,96.43479411764706,45.22857550609519,0.14306617647058822,0.0013235294117647058,0.0,0.0,16.0,21.0,100.0,164.0,191.0,143.0,175.0,14.270995675267626,30.29389762878418,38.23627471923828,63.85536764705882,0.034,0.3044264705882353,1.6017532348632812,7.379085063934326,1.8623840808868408
2f0360e89d71b146,train,2f0360e89d71b146__motion_blur__s3,motion_blur,3,medium,1,640.0,425.0,1.5058823529411764,96.43062132352941,43.977206276585704,0.1288529411764706,0.0008345588235294118,0.0,0.0,16.0,23.0,98.0,163.0,188.0,140.0,172.0,124.86337643748648,30.63487434387207,40.114830017089844,64.15241544117647,0.027691176470588236,0.2938382352941176,3.601090908050537,7.372838020324707,2.643953800201416
2f0360e89d71b146,train,2f0360e89d71b146__underexposure__s3,underexposure,3,medium,1,640.0,425.0,1.5058823529411764,52.56596323529412,27.053267205619516,0.3381360294117647,0.0,0.0005698529411764706,0.0,5.0,9.0,56.0,91.0,109.0,82.0,104.0,628.7808190449826,34.125308990478516,54.97919845581055,69.00515073529412,0.05544117647058824,0.27740073529411763,6.495754241943359,6.596124649047852,4.711097240447998
2f0360e89d71b146,train,2f0360e89d71b146__overexposure__s3,overexposure,3,medium,1,640.0,425.0,1.5058823529411764,142.85001102941177,71.08194359691204,0.12774264705882352,0.18958455882352943,0.0001875,0.0042536764705882356,15.0,26.0,155.0,246.0,253.0,220.0,238.0,4274.471091722196,88.34339904785156,139.0522918701172,65.46730514705882,0.050533088235294114,0.32396323529411764,16.704748153686523,7.872062683105469,12.314828872680664
2f0360e89d71b146,train,2f0360e89d71b146__noise__s3,noise,3,medium,1,640.0,425.0,1.5058823529411764,96.33431985294118,50.39476059747785,0.1762389705882353,0.0052830882352941175,0.0002536764705882353,7.3529411764705884e-06,4.0,14.0,101.0,173.0,202.0,159.0,198.0,5637.856224028925,93.74929809570312,92.852783203125,84.57420588235294,0.07852205882352942,0.12814705882352942,16.60792350769043,7.588586807250977,16.498498916625977
2f0360e89d71b146,train,2f0360e89d71b146__compression__s3,compression,3,medium,1,640.0,425.0,1.5058823529411764,96.46741176470589,49.12195624225224,0.17750367647058823,0.003698529411764706,0.00039338235294117646,1.1029411764705883e-05,10.0,18.0,103.0,166.0,200.0,148.0,190.0,2017.2621242555688,62.689998626708984,98.8044204711914,68.61858088235294,0.0539375,0.28944117647058826,11.744049072265625,7.4473066329956055,8.398478507995605
9615e4dc9099e860,train,9615e4dc9099e860__clean,none,0,none,0,612.0,612.0,1.0,127.7140229185356,79.49539397580756,0.12429247298047759,0.19694348327566322,0.0,2.669913281216626e-06,26.0,33.0,116.0,251.0,251.0,218.0,225.0,746.8686562549923,46.667301177978516,81.12982940673828,96.15203020205904,0.03760572856593618,0.20989790251612628,7.356088638305664,7.373847961425781,5.527939796447754
9615e4dc9099e860,train,9615e4dc9099e860__blur__s3,blur,3,medium,1,612.0,612.0,1.0,127.73013851510103,77.87079821455123,0.1135167029774873,0.18739587338203256,0.0,0.0,28.0,34.0,117.0,251.0,251.0,217.0,223.0,11.025577743571683,28.883512496948242,44.65105056762695,94.55445822119698,0.018275556409927805,0.21199111452860012,1.3909496068954468,7.374218940734863,1.4727928638458252
9615e4dc9099e860,train,9615e4dc9099e860__motion_blur__s3,motion_blur,3,medium,1,612.0,612.0,1.0,127.72807200222137,76.72285264135061,0.1084759067025503,0.1795062796360374,0.0,0.0,29.0,34.0,118.0,251.0,251.0,217.0,222.0,43.910702061121135,27.737422943115234,41.6016960144043,93.56625923789996,0.01247116493656286,0.21280276816608998,2.2829856872558594,7.41741418838501,1.8943125009536743
9615e4dc9099e860,train,9615e4dc9099e860__underexposure__s3,underexposure,3,medium,1,612.0,612.0,1.0,69.73806815754624,43.685323851555246,0.3963379469434833,0.0,0.0,0.0,14.0,18.0,64.0,137.0,137.0,119.0,123.0,208.70124737866618,25.67230224609375,44.617919921875,97.03839068307062,0.04131156820026485,0.21014887436456064,3.9715993404388428,6.5157790184021,3.007794141769409
9615e4dc9099e860,train,9615e4dc9099e860__overexposure__s3,overexposure,3,medium,1,612.0,612.0,1.0,163.0128796616686,85.32815318768299,0.01054081763424324,0.44296531248665044,0.0,0.23346255713614422,39.0,49.0,171.0,255.0,255.0,206.0,216.0,1110.668850618777,48.7409553527832,94.33456420898438,87.31945512409757,0.03445790080738178,0.32050440001708747,8.733847618103027,6.313384056091309,5.993954658508301
9615e4dc9099e860,train,9615e4dc9099e860__noise__s3,noise,3,medium,1,612.0,612.0,1.0,126.55307253620403,78.91136845652954,0.15141078217779486,0.19948791063266266,5.339826562433252e-06,0.0007315562390533555,16.0,26.0,117.0,248.0,253.0,222.0,237.0,3943.4811495190056,79.48975372314453,77.12889099121094,98.0047337562476,0.07706704686231791,0.20594910077320688,13.37320327758789,7.770724773406982,13.843119621276855
9615e4dc9099e860,train,9615e4dc9099e860__compression__s3,compression,3,medium,1,612.0,612.0,1.0,127.68064633260711,79.38645693099423,0.12021284548677859,0.19658304498269896,0.0,3.203895937459951e-05,26.0,33.0,117.0,250.0,252.0,217.0,226.0,507.1237926948172,45.913909912109375,80.54301452636719,95.87254634969456,0.03936787133153915,0.21233820325515826,6.7276530265808105,7.267617225646973,4.919025421142578
323e51d944faa233,train,323e51d944faa233__clean,none,0,none,0,478.0,640.0,0.746875,146.19261244769874,77.11185275344137,0.10871796548117155,0.2481694560669456,0.0009218096234309623,0.0009348849372384937,5.0,21.0,151.0,252.0,253.0,231.0,248.0,3690.439452985141,98.32683563232422,97.15318298339844,43.44794717573222,0.03448614016736402,0.5181975679916317,14.79867172241211,7.722169876098633,14.617635726928711
323e51d944faa233,train,323e51d944faa233__blur__s3,blur,3,medium,1,478.0,640.0,0.746875,146.19112513075314,73.69372942181366,0.10117677824267783,0.2267880491631799,0.0,0.0,14.0,28.0,151.0,251.0,251.0,223.0,237.0,17.488731163450844,34.86625289916992,38.69089889526367,39.28745750523012,0.024274320083682008,0.5279092573221758,1.776977777481079,7.633472442626953,2.22129487991333
323e51d944faa233,train,323e51d944faa233__motion_blur__s3,motion_blur,3,medium,1,478.0,640.0,0.746875,146.18745423640166,73.23142584081734,0.10114735878661088,0.22163964435146444,0.0,0.0,16.0,29.0,152.0,251.0,251.0,222.0,235.0,187.37658523390476,41.90735626220703,47.725616455078125,38.97961885460251,0.02329694037656904,0.5312565376569037,4.558602333068848,7.657966613769531,4.422282695770264
323e51d944faa233,train,323e51d944faa233__underexposure__s3,underexposure,3,medium,1,478.0,640.0,0.746875,79.95596561192468,42.406625899162705,0.2224437761506276,0.0,0.0025823744769874475,0.0,3.0,11.0,83.0,138.0,139.0,127.0,136.0,1024.073295712418,54.15078353881836,53.3816032409668,44.03105713912134,0.03661414748953975,0.515484440376569,7.992398262023926,6.913442611694336,7.892173767089844
323e51d944faa233,train,323e51d944faa233__overexposure__s3,overexposure,3,medium,1,478.0,640.0,0.746875,185.00613232217574,80.3451646184261,0.06657296025104603,0.5216984832635984,0.0003922594142259414,0.2961656642259414,8.0,32.0,225.0,255.0,255.0,223.0,247.0,5004.5819814501165,96.29535675048828,115.98706817626953,37.00734832635983,0.03325379184100418,0.5862120815899582,17.03803062438965,6.119222640991211,14.708084106445312
323e51d944faa233,train,323e51d944faa233__noise__s3,noise,3,medium,1,478.0,640.0,0.746875,144.91361793933055,76.02561356270137,0.10883891213389121,0.24968292364016736,0.0002974633891213389,0.0019318776150627616,5.0,20.0,150.0,250.0,254.0,230.0,249.0,6481.738301330728,113.63832092285156,94.03704833984375,51.44823483263598,0.04520462866108787,0.4305962343096234,18.08720588684082,7.914961338043213,18.789331436157227
323e51d944faa233,train,323e51d944faa233__compression__s3,compression,3,medium,1,478.0,640.0,0.746875,146.141948875523,76.77570476235485,0.10716200313807532,0.24673444037656903,0.0007289487447698744,0.0011146705020920501,6.0,22.0,151.0,252.0,253.0,230.0,247.0,2590.076415379116,98.05524444580078,95.71360778808594,42.47697110355649,0.03535564853556485,0.5319364539748954,13.704508781433105,7.719911575317383,13.43288803100586
14ffbd7ab7a01e0d,train,14ffbd7ab7a01e0d__clean,none,0,none,0,425.0,640.0,0.6640625,108.86584926470589,98.28168905913,0.382125,0.2546360294117647,0.1512389705882353,0.007503676470588235,0.0,0.0,88.0,253.0,254.0,253.0,254.0,727.8775170750298,40.249691009521484,85.3818359375,78.52184926470588,0.11704044117647058,0.3524816176470588,7.197376251220703,6.914405822753906,4.794270038604736
14ffbd7ab7a01e0d,train,14ffbd7ab7a01e0d__blur__s3,blur,3,medium,1,425.0,640.0,0.6640625,108.85772426470588,96.92378473860956,0.3720404411764706,0.24675,0.1419264705882353,0.005922794117647059,0.0,0.0,89.0,253.0,254.0,253.0,254.0,11.094268164346344,27.70953369140625,49.824344635009766,74.60946323529411,0.09303308823529412,0.35544117647058826,1.4232145547866821,7.0135178565979,1.353955864906311
14ffbd7ab7a01e0d,train,14ffbd7ab7a01e0d__motion_blur__s3,motion_blur,3,medium,1,425.0,640.0,0.6640625,108.86261764705883,95.62872265526366,0.36301838235294115,0.23663235294117646,0.13195955882352942,0.005555147058823529,0.0,0.0,89.0,253.0,254.0,253.0,254.0,19.39753910000811,25.44232177734375,41.426597595214844,74.41797058823529,0.09024264705882352,0.34706617647058824,1.5559660196304321,7.10174560546875,1.3247454166412354
14ffbd7ab7a01e0d,train,14ffbd7ab7a01e0d__underexposure__s3,underexposure,3,medium,1,425.0,640.0,0.6640625,59.49785661764706,53.98608013504119,0.4523272058823529,0.0,0.17246691176470588,0.0,0.0,0.0,48.0,139.0,140.0,139.0,140.0,204.4598377370242,22.065105438232422,46.89244079589844,75.54068014705882,0.11418382352941177,0.3762904411764706,3.8849222660064697,6.139554500579834,2.59540057182312
14ffbd7ab7a01e0d,train,14ffbd7ab7a01e0d__overexposure__s3,overexposure,3,medium,1,425.0,640.0,0.6640625,131.25179044117647,106.89613283718136,0.3495735294117647,0.36866176470588236,0.14679779411764707,0.22630882352941176,0.0,0.0,132.0,255.0,255.0,255.0,255.0,1265.6494043662956,44.96430206298828,102.26207733154297,73.05272426470589,0.12286029411764705,0.44372058823529414,9.183026313781738,5.974965572357178,5.790978908538818
14ffbd7ab7a01e0d,train,14ffbd7ab7a01e0d__noise__s3,noise,3,medium,1,425.0,640.0,0.6640625,109.43498529411765,94.50195403908675,0.37847426470588236,0.24964338235294117,0.0075625,0.002536764705882353,1.0,2.0,88.0,251.0,254.0,249.0,253.0,3149.9336408455342,67.52734375,81.72550964355469,99.85252573529412,0.16281985294117646,0.2251029411764706,12.05125904083252,7.491308689117432,11.867985725402832
14ffbd7ab7a01e0d,train,14ffbd7ab7a01e0d__compression__s3,compression,3,medium,1,425.0,640.0,0.6640625,108.87608088235294,98.14764870093867,0.38138970588235294,0.2544264705882353,0.15068382352941176,0.001849264705882353,0.0,0.0,88.0,252.0,254.0,252.0,254.0,542.4632735951558,38.98372268676758,84.17404174804688,75.8725294117647,0.11589338235294118,0.3680441176470588,6.641651153564453,6.839224815368652,4.083999156951904
1a038609e5ceb071,train,1a038609e5ceb071__clean,none,0,none,0,640.0,427.0,1.4988290398126465,87.20779420374707,58.17526106888612,0.2668947599531616,0.024802400468384073,0.00010611826697892272,0.00013173302107728337,7.0,14.0,75.0,193.0,233.0,179.0,226.0,1660.4860429583487,72.4930191040039,104.18043518066406,117.87932157494146,0.1417483899297424,0.144115925058548,10.870610237121582,7.655874729156494,9.185843467712402
1a038609e5ceb071,train,1a038609e5ceb071__blur__s3,blur,3,medium,1,640.0,427.0,1.4988290398126465,87.20946282201405,54.21781379926368,0.23488363583138172,0.015043179156908665,0.0,0.0,9.0,16.0,77.0,185.0,223.0,169.0,214.0,18.716433120626363,38.8058967590332,48.613704681396484,112.22654054449649,0.09217286299765808,0.14240339578454334,1.8681632280349731,7.593328475952148,2.2561397552490234
1a038609e5ceb071,train,1a038609e5ceb071__motion_blur__s3,motion_blur,3,medium,1,640.0,427.0,1.4988290398126465,87.20562426814988,53.82509399338641,0.23131586651053865,0.013831967213114754,0.0,0.0,10.0,16.0,77.0,184.0,223.0,168.0,213.0,126.20964251687326,42.018184661865234,59.600830078125,111.34102019906324,0.08613144028103044,0.141356850117096,4.0358500480651855,7.585575103759766,3.659856081008911
1a038609e5ceb071,train,1a038609e5ceb071__underexposure__s3,underexposure,3,medium,1,640.0,427.0,1.4988290398126465,47.4964468676815,31.974001815813413,0.487682962529274,0.0,0.000311036299765808,0.0,3.0,7.0,41.0,106.0,128.0,99.0,125.0,468.116539662195,39.85435104370117,57.18478775024414,119.91898785128805,0.16743998829039813,0.14160933840749415,5.873311996459961,6.793931007385254,4.996132850646973
1a038609e5ceb071,train,1a038609e5ceb071__overexposure__s3,overexposure,3,medium,1,640.0,427.0,1.4988290398126465,125.29267783957846,78.01839090831255,0.16190354215456673,0.19785201990632317,4.025175644028103e-05,0.033881001170960184,10.0,20.0,112.0,254.0,255.0,234.0,245.0,2797.8048981149377,94.09349822998047,135.55348205566406,114.2946318793911,0.14166056791569087,0.18116583723653396,14.101458549499512,7.804535388946533,12.055231094360352
1a038609e5ceb071,train,1a038609e5ceb071__noise__s3,noise,3,medium,1,640.0,427.0,1.4988290398126465,87.51840237119438,58.5095946894218,0.2601288056206089,0.025629391100702576,0.0003293325526932084,2.927400468384075e-05,4.0,12.0,76.0,195.0,235.0,183.0,231.0,4875.575918003658,98.5069351196289,97.78815460205078,121.06177912763467,0.20385319086651055,0.1133818793911007,15.544584274291992,7.704139709472656,16.118074417114258
1a038609e5ceb071,train,1a038609e5ceb071__compression__s3,compression,3,medium,1,640.0,427.0,1.4988290398126465,87.2453381147541,57.98297804571785,0.26264271077283374,0.024070550351288057,5.122950819672131e-05,7.318501170960187e-05,7.0,14.0,75.0,193.0,232.0,179.0,225.0,1377.2351324272583,72.529541015625,102.44168853759766,116.96960260538641,0.14777151639344263,0.14441598360655739,10.374189376831055,7.641345024108887,8.775806427001953
2c922f6ec30f9c4e,train,2c922f6ec30f9c4e__clean,none,0,none,0,640.0,425.0,1.5058823529411764,68.27132352941176,67.30876773812413,0.5283308823529411,0.04760661764705882,0.0016176470588235294,5.882352941176471e-05,2.0,4.0,36.0,213.0,243.0,209.0,241.0,1344.9374483887868,54.20626449584961,90.97032928466797,101.71019117647059,0.1830110294117647,0.20693014705882354,9.54728889465332,7.3474836349487305,7.7153449058532715
2c922f6ec30f9c4e,train,2c922f6ec30f9c4e__blur__s3,blur,3,medium,1,640.0,425.0,1.5058823529411764,68.25692279411764,64.91251597071594,0.5104485294117647,0.04195220588235294,7.3529411764705884e-06,0.0,2.0,5.0,38.0,208.0,240.0,203.0,238.0,12.74810520749081,29.24594497680664,44.07115173339844,98.04380514705882,0.16448161764705882,0.21188235294117647,1.520463228225708,7.3473052978515625,1.7109354734420776
2c922f6ec30f9c4e,train,2c922f6ec30f9c4e__motion_blur__s3,motion_blur,3,medium,1,640.0,425.0,1.5058823529411764,68.26551102941177,63.55384129117491,0.5035404411764706,0.03782352941176471,0.0,0.0,3.0,6.0,39.0,205.0,238.0,199.0,235.0,70.90108958558606,28.204864501953125,43.38961410522461,97.60685661764705,0.15950735294117646,0.21236764705882352,2.908231258392334,7.3560943603515625,2.3037145137786865
2c922f6ec30f9c4e,train,2c922f6ec30f9c4e__underexposure__s3,underexposure,3,medium,1,640.0,425.0,1.5058823529411764,37.07827573529412,37.00678715726862,0.6527867647058824,0.0,0.007014705882352941,0.0,1.0,2.0,19.0,117.0,134.0,115.0,133.0,366.0830403388706,30.00514030456543,49.89481735229492,105.24410661764706,0.2124669117647059,0.21950735294117646,5.13973331451416,6.479347229003906,4.160885810852051
2c922f6ec30f9c4e,train,2c922f6ec30f9c4e__overexposure__s3,overexposure,3,medium,1,640.0,425.0,1.5058823529411764,94.71183455882353,85.54995041392819,0.38436029411764705,0.17154044117647058,0.0007683823529411765,0.0434375,3.0,6.0,53.0,254.0,255.0,248.0,252.0,2313.3334397555686,71.73925018310547,120.9068832397461,97.88919485294117,0.1831654411764706,0.23983823529411766,12.760102272033691,7.468883514404297,9.993240356445312
2c922f6ec30f9c4e,train,2c922f6ec30f9c4e__noise__s3,noise,3,medium,1,640.0,425.0,1.5058823529411764,69.28296323529412,66.64823862053098,0.49490073529411766,0.04705147058823529,0.0026838235294117645,0.00015808823529411765,1.0,4.0,40.0,213.0,246.0,209.0,245.0,4139.453069174294,82.04969024658203,85.6460189819336,116.87904779411765,0.1928639705882353,0.10891544117647059,14.127606391906738,7.440347671508789,14.38857364654541
2c922f6ec30f9c4e,train,2c922f6ec30f9c4e__compression__s3,compression,3,medium,1,640.0,425.0,1.5058823529411764,68.31261397058823,67.15734879199817,0.5265220588235294,0.047036764705882354,0.002216911764705882,4.411764705882353e-05,2.0,4.0,36.0,213.0,244.0,209.0,242.0,964.8833712348481,53.883094787597656,89.71366882324219,101.82932720588235,0.18611397058823528,0.21991911764705882,8.843474388122559,7.294891357421875,6.900524616241455
7cd0d627b15c09f3,train,7cd0d627b15c09f3__clean,none,0,none,0,640.0,531.0,1.2052730696798493,145.02723634651602,55.98013297660028,0.037694209039548024,0.11062853107344633,0.0,5.885122410546139e-06,20.0,50.0,150.0,229.0,239.0,179.0,219.0,1582.8807839340395,84.14203643798828,95.8051986694336,137.3901277071563,0.2882385828625235,0.0361670197740113,10.724556922912598,7.729665279388428,9.858177185058594
7cd0d627b15c09f3,train,7cd0d627b15c09f3__blur__s3,blur,3,medium,1,640.0,531.0,1.2052730696798493,145.03138830037665,51.71956229856919,0.028934204331450095,0.08521951506591337,0.0,0.0,25.0,57.0,149.0,226.0,238.0,169.0,213.0,20.415141116452055,48.43461608886719,43.93981170654297,135.1210922787194,0.2826683145009416,0.022389948210922786,1.9457480907440186,7.649666786193848,2.626289129257202
7cd0d627b15c09f3,train,7cd0d627b15c09f3__motion_blur__s3,motion_blur,3,medium,1,640.0,531.0,1.2052730696798493,145.02955802730696,48.59084297941476,0.023472810734463275,0.07042431732580037,0.0,0.0,28.0,62.0,148.0,223.0,237.0,161.0,209.0,43.17251545238602,41.163169860839844,35.2540168762207,133.22561793785312,0.27098634651600756,0.014524482109227872,2.3519175052642822,7.578242301940918,2.499652147293091
7cd0d627b15c09f3,train,7cd0d627b15c09f3__underexposure__s3,underexposure,3,medium,1,640.0,531.0,1.2052730696798493,79.31473634651601,30.763840119137807,0.11270597928436911,0.0,5.885122410546139e-06,0.0,11.0,27.0,82.0,125.0,131.0,98.0,120.0,447.205991033963,46.176448822021484,52.52653121948242,138.39014536252355,0.29083686440677964,0.03309204331450094,5.787346363067627,6.8672990798950195,5.335710048675537
7cd0d627b15c09f3,train,7cd0d627b15c09f3__overexposure__s3,overexposure,3,medium,1,640.0,531.0,1.2052730696798493,191.678798846516,60.508035713969996,0.0197445856873823,0.5126912664783427,0.0,0.021507179849340866,30.0,75.0,219.0,254.0,255.0,179.0,225.0,2182.0571937983746,83.64586639404297,115.85096740722656,124.98928024952919,0.25664724576271186,0.14651895009416196,12.335352897644043,7.236073017120361,10.28693962097168
7cd0d627b15c09f3,train,7cd0d627b15c09f3__noise__s3,noise,3,medium,1,640.0,531.0,1.2052730696798493,144.23333039077212,56.51448156229945,0.03780896892655367,0.11180849811676083,1.1770244821092279e-05,5.885122410546139e-06,17.0,47.0,149.0,228.0,239.0,181.0,222.0,4936.219365325006,105.86160278320312,93.0671615600586,135.858601106403,0.25632944915254235,0.034895833333333334,15.65233325958252,7.761842727661133,16.327722549438477
7cd0d627b15c09f3,train,7cd0d627b15c09f3__compression__s3,compression,3,medium,1,640.0,531.0,1.2052730696798493,145.05667372881356,55.80597489509898,0.03696739642184557,0.11026953860640301,8.82768361581921e-06,1.1770244821092279e-05,21.0,50.0,150.0,229.0,238.0,179.0,217.0,1350.2921242221537,83.72309112548828,94.46916198730469,136.39583627589454,0.27424376177024484,0.023310969868173256,10.241427421569824,7.723393440246582,9.222075462341309
99600c56dc25c72d,train,99600c56dc25c72d__clean,none,0,none,0,640.0,480.0,1.3333333333333333,61.425458984375,75.26582503098815,0.5660416666666667,0.05326822916666667,0.222919921875,0.00026041666666666666,0.0,0.0,18.0,218.0,243.0,218.0,243.0,4509.422927907308,96.1771469116211,157.98724365234375,94.10008463541666,0.23371419270833332,0.3758040364583333,17.852712631225586,6.326812267303467,13.983651161193848
99600c56dc25c72d,train,99600c56dc25c72d__blur__s3,blur,3,medium,1,640.0,480.0,1.3333333333333333,61.28994791666667,68.90906465715793,0.5322233072916667,0.035729166666666666,0.21327799479166668,6.510416666666667e-06,0.0,0.0,31.0,203.0,236.0,203.0,236.0,31.5038703388532,47.88381576538086,65.83956909179688,75.75898111979167,0.13662760416666667,0.3903352864583333,2.4717843532562256,6.624213695526123,2.840507984161377
99600c56dc25c72d,train,99600c56dc25c72d__motion_blur__s3,motion_blur,3,medium,1,640.0,480.0,1.3333333333333333,61.29373372395833,67.06599085007643,0.516396484375,0.03223307291666667,0.196494140625,1.6276041666666666e-05,0.0,0.0,36.0,200.0,236.0,200.0,236.0,602.0914022744072,54.01657485961914,82.16790008544922,74.61501953125,0.13069010416666665,0.37985677083333336,7.873120307922363,6.735861301422119,5.27191686630249
99600c56dc25c72d,train,99600c56dc25c72d__underexposure__s3,underexposure,3,medium,1,640.0,480.0,1.3333333333333333,33.4958984375,41.24688391134456,0.6435611979166667,0.0,0.2890397135416667,0.0,0.0,0.0,10.0,119.0,133.0,119.0,133.0,1318.3038645806207,52.6360969543457,86.71353149414062,86.36590494791666,0.21205078125,0.41638346354166667,9.74489974975586,5.550701141357422,7.5689568519592285
99600c56dc25c72d,train,99600c56dc25c72d__overexposure__s3,overexposure,3,medium,1,640.0,480.0,1.3333333333333333,83.31707682291666,96.57396498170907,0.5299934895833334,0.180791015625,0.21143229166666666,0.043017578125,0.0,0.0,27.0,254.0,255.0,254.0,255.0,7391.238607965047,122.06209564208984,205.7522735595703,91.62777994791666,0.23941080729166667,0.4273404947916667,22.917268753051758,6.187746524810791,17.828617095947266
99600c56dc25c72d,train,99600c56dc25c72d__noise__s3,noise,3,medium,1,640.0,480.0,1.3333333333333333,64.68197916666666,72.73873750873155,0.5620279947916667,0.051946614583333335,0.011946614583333333,9.440104166666666e-05,0.0,1.0,26.0,217.0,244.0,216.0,244.0,6541.798472668446,113.8058853149414,147.43980407714844,124.450986328125,0.26222330729166665,0.12460611979166666,19.777572631835938,7.108972549438477,18.2989559173584
99600c56dc25c72d,train,99600c56dc25c72d__compression__s3,compression,3,medium,1,640.0,480.0,1.3333333333333333,61.80285807291666,74.8142836630045,0.564267578125,0.053128255208333336,0.23308919270833334,0.000224609375,0.0,0.0,20.0,218.0,242.0,218.0,242.0,3992.792349730078,96.02519989013672,154.5401611328125,86.16777994791667,0.201845703125,0.399150390625,17.32060432434082,6.433480739593506,13.377326965332031
f3a2974ce3686332,train,f3a2974ce3686332__clean,none,0,none,0,586.0,640.0,0.915625,123.57545861774744,76.98394328551318,0.1917102175767918,0.1948165529010239,2.9330204778156995e-05,2.666382252559727e-06,7.0,13.0,116.0,244.0,250.0,231.0,243.0,4571.477758967485,105.00230407714844,93.85953521728516,133.9498480162116,0.1852495733788396,0.026922461604095563,16.2518310546875,7.892352104187012,15.873647689819336
f3a2974ce3686332,train,f3a2974ce3686332__blur__s3,blur,3,medium,1,586.0,640.0,0.915625,123.58502826365188,73.38909659531608,0.1726295861774744,0.17632785836177475,0.0,0.0,9.0,16.0,115.0,241.0,249.0,225.0,240.0,16.31894977561182,38.79997253417969,32.64867401123047,129.46660356228668,0.11244133959044368,0.025466616894197953,1.681692123413086,7.8749003410339355,2.268791675567627
f3a2974ce3686332,train,f3a2974ce3686332__motion_blur__s3,motion_blur,3,medium,1,586.0,640.0,0.915625,123.58512691979521,72.60137706388946,0.1695179180887372,0.1708217790102389,0.0,0.0,10.0,16.0,116.0,240.0,249.0,224.0,239.0,202.47140593336,42.49546432495117,39.836055755615234,128.83156196672354,0.10130652730375427,0.021936326791808874,4.532658576965332,7.872412204742432,4.3278117179870605
f3a2974ce3686332,train,f3a2974ce3686332__underexposure__s3,underexposure,3,medium,1,586.0,640.0,0.915625,67.51705951365187,42.337225770419245,0.30887372013651876,0.0,0.00022397610921501707,0.0,3.0,7.0,63.0,134.0,137.0,127.0,134.0,1298.9129356893343,57.878868103027344,51.54547882080078,135.9499653370307,0.19758959044368601,0.02491200938566553,8.82121753692627,7.040927886962891,8.612578392028809
f3a2974ce3686332,train,f3a2974ce3686332__overexposure__s3,overexposure,3,medium,1,586.0,640.0,0.915625,160.50141318259386,84.72221547463948,0.13607881825938567,0.38693472696245734,7.999146757679181e-06,0.08054340870307167,10.0,20.0,174.0,255.0,255.0,235.0,245.0,6504.382490499926,117.14952850341797,123.3204116821289,116.95961764078498,0.18647877559726964,0.19087563993174061,19.548391342163086,7.349581241607666,17.733060836791992
f3a2974ce3686332,train,f3a2974ce3686332__noise__s3,noise,3,medium,1,586.0,640.0,0.915625,122.92811700085325,76.1011428691823,0.18590017064846417,0.18343643344709898,0.00035996160409556313,6.665955631399318e-05,4.0,12.0,116.0,242.0,250.0,230.0,246.0,7295.819614247945,119.03858947753906,92.34525299072266,128.74433127133105,0.15924701365187713,0.02685580204778157,19.23895263671875,7.947709083557129,19.782180786132812
f3a2974ce3686332,train,f3a2974ce3686332__compression__s3,compression,3,medium,1,586.0,640.0,0.915625,123.5402090443686,76.67197248874363,0.1901557167235495,0.1924461390784983,4.532849829351536e-05,1.3331911262798635e-05,7.0,14.0,116.0,243.0,250.0,229.0,243.0,3528.90920968248,104.85224914550781,93.53744506835938,132.1269437926621,0.16746213737201365,0.0269464590443686,15.352348327636719,7.888067245483398,14.810574531555176
2526fc01ddf5bef5,train,2526fc01ddf5bef5__clean,none,0,none,0,640.0,427.0,1.4988290398126465,138.17366803278688,57.903099059469476,0.0288239168618267,0.11836577868852459,0.001829625292740047,0.004863144028103045,21.0,52.0,137.0,238.0,251.21000000002095,186.0,230.21000000002095,5596.192134809309,99.47212982177734,94.54536437988281,0.0,0.0,1.0,17.109832763671875,7.764754772186279,16.19554901123047
2526fc01ddf5bef5,train,2526fc01ddf5bef5__blur__s3,blur,3,medium,1,640.0,427.0,1.4988290398126465,138.17654786299767,52.936288297933274,0.013359923887587822,0.0879793618266979,2.927400468384075e-05,0.0,35.0,60.0,140.0,229.0,242.0,169.0,207.0,14.658012881247636,33.0682373046875,33.903350830078125,0.0,0.0,1.0,1.6148892641067505,7.628729820251465,2.0750558376312256
2526fc01ddf5bef5,train,2526fc01ddf5bef5__motion_blur__s3,motion_blur,3,medium,1,640.0,427.0,1.4988290398126465,138.1765661592506,53.3634663841464,0.012331674473067916,0.09273272833723653,2.1955503512880562e-05,1.0977751756440281e-05,37.0,61.0,139.0,231.0,245.0,170.0,208.0,369.22767279113026,49.10520935058594,54.54856491088867,0.0,0.0,1.0,6.168844699859619,7.648879051208496,5.908046722412109
2526fc01ddf5bef5,train,2526fc01ddf5bef5__underexposure__s3,underexposure,3,medium,1,640.0,427.0,1.4988290398126465,75.51888539227166,31.765323809741705,0.12109923887587822,0.0,0.0020418618266978923,0.0,11.0,28.0,75.0,130.0,138.0,102.0,127.0,1542.3109879223389,54.32081985473633,51.86477279663086,0.0,0.0,1.0,9.133308410644531,6.907276153564453,8.661083221435547
2526fc01ddf5bef5,train,2526fc01ddf5bef5__overexposure__s3,overexposure,3,medium,1,640.0,427.0,1.4988290398126465,189.56013612412178,64.49114240901882,0.014728483606557378,0.4691525175644028,0.0015259074941451991,0.22965456674473067,31.0,77.0,206.0,255.0,255.0,178.0,224.0,6657.831379915394,101.41580963134766,114.07398986816406,0.0,0.0,1.0,18.736713409423828,6.5097432136535645,16.682846069335938
2526fc01ddf5bef5,train,2526fc01ddf5bef5__noise__s3,noise,3,medium,1,640.0,427.0,1.4988290398126465,137.43089139344264,58.76441906663739,0.03445550351288056,0.11859265222482436,0.00010245901639344262,0.00041715456674473067,17.0,48.0,136.0,237.0,251.0,189.0,234.0,8960.998410059692,117.30308532714844,92.76606750488281,25.792004537470724,0.004208138173302108,0.6222848360655737,20.54658317565918,7.8170366287231445,20.823001861572266
2526fc01ddf5bef5,train,2526fc01ddf5bef5__compression__s3,compression,3,medium,1,640.0,427.0,1.4988290398126465,138.15543398711944,57.68933484927488,0.027678571428571427,0.11852678571428571,0.001602751756440281,0.0045923594847775175,22.0,52.0,137.0,237.0,251.0,185.0,229.0,4804.10766376634,99.47492980957031,94.433349609375,0.0,0.0,1.0,16.518020629882812,7.757251739501953,15.116804122924805
c06b1845c54bb886,train,c06b1845c54bb886__clean,none,0,none,0,427.0,640.0,0.6671875,200.2676924765808,62.845371391580706,0.042652224824355975,0.6859484777517565,3.6592505854800937e-06,6.22072599531616e-05,18.0,44.0,229.0,245.0,249.0,201.0,231.0,2222.0100437857695,51.00577163696289,131.7310333251953,13.750332991803278,0.0012002341920374707,0.8555876756440282,12.856276512145996,6.584787845611572,7.266813278198242
c06b1845c54bb886,train,c06b1845c54bb886__blur__s3,blur,3,medium,1,427.0,640.0,0.6671875,200.27131513466043,58.51687810535722,0.025936768149882904,0.6580723067915691,0.0,0.0,24.0,63.0,228.0,245.0,248.0,182.0,224.0,20.46824997990411,25.651872634887695,53.69826126098633,11.491872804449649,0.0,0.8850739168618267,1.9785348176956177,6.660037517547607,1.6872845888137817
c06b1845c54bb886,train,c06b1845c54bb886__motion_blur__s3,motion_blur,3,medium,1,427.0,640.0,0.6671875,200.26632391686184,57.88289401196275,0.027232142857142858,0.6464944379391101,0.0,0.0,22.0,63.0,228.0,245.0,248.0,182.0,226.0,133.7258154127892,24.98528480529785,57.557926177978516,11.612478044496488,0.0,0.8881403688524591,3.963550090789795,6.685904502868652,2.4460389614105225
c06b1845c54bb886,train,c06b1845c54bb886__underexposure__s3,underexposure,3,medium,1,427.0,640.0,0.6671875,109.65921033372365,34.55853552278325,0.09309499414519906,0.0,6.952576112412179e-05,0.0,10.0,24.0,125.0,134.0,136.0,110.0,126.0,653.6950086201809,28.300186157226562,72.43973541259766,13.687829332552694,0.001324648711943794,0.8515917740046839,7.041487693786621,5.712071418762207,4.027281761169434
c06b1845c54bb886,train,c06b1845c54bb886__overexposure__s3,overexposure,3,medium,1,427.0,640.0,0.6671875,229.29954991217798,60.7653520210136,0.02491583723653396,0.8350409836065574,7.318501170960187e-06,0.7427034543325527,27.0,66.0,255.0,255.0,255.0,189.0,228.0,3320.618149513926,52.0058479309082,147.73834228515625,8.53251244145199,0.0009184718969555035,0.8806718384074942,15.037935256958008,2.571671485900879,7.757772445678711
c06b1845c54bb886,train,c06b1845c54bb886__noise__s3,noise,3,medium,1,427.0,640.0,0.6671875,198.6446574941452,63.12029561967934,0.04400248829039813,0.6167959601873536,2.5614754098360656e-05,0.0013392857142857143,14.0,43.0,224.0,250.0,253.0,207.0,239.0,5166.721815046764,88.97114562988281,122.860107421875,22.227982289227167,0.006125585480093677,0.7834565281030444,16.70222282409668,6.997035980224609,15.773722648620605
c06b1845c54bb886,train,c06b1845c54bb886__compression__s3,compression,3,medium,1,427.0,640.0,0.6671875,200.26794862412177,62.831584711869674,0.04288275761124122,0.6838041569086651,0.000117096018735363,0.00015002927400468383,18.0,44.0,230.0,246.0,248.0,202.0,230.0,2112.1253548594545,51.16018295288086,131.4623565673828,12.563890515222482,0.0019503805620608898,0.862858606557377,12.77077865600586,6.332136154174805,7.056507110595703
6ba641627c08ef42,train,6ba641627c08ef42__clean,none,0,none,0,640.0,480.0,1.3333333333333333,96.16149739583334,80.872121958048,0.38745768229166666,0.15484700520833333,0.0008040364583333334,0.004768880208333334,7.0,12.0,71.0,241.0,254.0,229.0,247.0,1935.9816839697523,66.18783569335938,108.00188446044922,35.43783203125,0.00365234375,0.469873046875,12.149700164794922,7.575663089752197,8.779115676879883
6ba641627c08ef42,train,6ba641627c08ef42__blur__s3,blur,3,medium,1,640.0,480.0,1.3333333333333333,96.17217447916667,78.09786181459275,0.37276041666666665,0.14046223958333334,0.0,0.0016145833333333333,9.0,14.0,75.0,239.0,250.0,225.0,241.0,15.624250471327038,34.20967483520508,48.00857925415039,32.712330729166666,0.0,0.48776692708333336,1.7238067388534546,7.565710544586182,1.9051778316497803
6ba641627c08ef42,train,6ba641627c08ef42__motion_blur__s3,motion_blur,3,medium,1,640.0,480.0,1.3333333333333333,96.169873046875,79.49951176178057,0.378720703125,0.1491796875,3.2552083333333335e-06,0.003916015625,9.0,14.0,72.0,241.0,254.0,227.0,245.0,533.0925985561371,47.35481262207031,88.18561553955078,34.02765625,0.00021484375,0.4640885416666667,7.5602498054504395,7.538222789764404,5.018683910369873
6ba641627c08ef42,train,6ba641627c08ef42__underexposure__s3,underexposure,3,medium,1,640.0,480.0,1.3333333333333333,52.420517578125,44.508795262528686,0.5062109375,0.0,0.0013997395833333333,0.0,3.0,6.0,38.0,132.0,139.0,126.0,136.0,558.5649971529535,36.39130783081055,59.330543518066406,39.63642252604166,0.004837239583333333,0.44861328125,6.60405969619751,6.721231937408447,4.777658462524414
6ba641627c08ef42,train,6ba641627c08ef42__overexposure__s3,overexposure,3,medium,1,640.0,480.0,1.3333333333333333,125.63630208333333,92.73045515724142,0.29198567708333334,0.27639973958333336,0.00038736979166666667,0.17960286458333333,10.0,18.0,106.0,255.0,255.0,237.0,245.0,3327.971986941433,77.6509017944336,130.83436584472656,34.75855143229167,0.0038704427083333334,0.46512044270833336,15.543954849243164,6.821746826171875,10.873748779296875
6ba641627c08ef42,train,6ba641627c08ef42__noise__s3,noise,3,medium,1,640.0,480.0,1.3333333333333333,96.10122395833334,80.27733942442553,0.363798828125,0.147041015625,0.001005859375,0.0006477864583333333,2.0,7.0,70.0,242.0,252.0,235.0,250.0,4957.051488871087,94.07219696044922,100.82381439208984,66.03576822916666,0.062470703125,0.33085286458333335,16.202177047729492,7.742792129516602,15.794147491455078
6ba641627c08ef42,train,6ba641627c08ef42__compression__s3,compression,3,medium,1,640.0,480.0,1.3333333333333333,96.15426106770833,80.77920509827668,0.38649088541666665,0.15507161458333332,0.0009114583333333333,0.0019694010416666666,7.0,12.0,71.0,241.0,253.0,229.0,246.0,1716.713442347198,65.12254333496094,107.7409896850586,35.22086263020833,0.004645182291666667,0.493154296875,11.798819541931152,7.538093566894531,8.236005783081055
dc8292c102663e64,train,dc8292c102663e64__clean,none,0,none,0,640.0,480.0,1.3333333333333333,107.395595703125,65.53317160195701,0.14537109375,0.09640625,3.2552083333333335e-06,0.016116536458333334,19.0,27.0,92.0,242.0,255.0,215.0,236.0,1785.1456084153817,73.46033477783203,109.07868194580078,44.39647786458333,0.0016796875,0.276962890625,11.88524341583252,7.716434955596924,9.925118446350098
dc8292c102663e64,train,dc8292c102663e64__blur__s3,blur,3,medium,1,640.0,480.0,1.3333333333333333,107.41548828125,61.99303503560415,0.13232096354166667,0.07465169270833333,0.0,0.013190104166666666,21.0,29.0,94.0,226.0,255.0,197.0,234.0,17.83101561987135,36.506595611572266,45.003353118896484,42.305677083333336,0.000771484375,0.269375,1.826529622077942,7.702614784240723,2.1638009548187256
dc8292c102663e64,train,dc8292c102663e64__motion_blur__s3,motion_blur,3,medium,1,640.0,480.0,1.3333333333333333,107.408408203125,62.02160963296243,0.12694986979166667,0.07966471354166667,0.0,0.012571614583333333,22.0,29.0,94.0,230.0,255.0,201.0,233.0,333.99204351822533,44.209285736083984,71.81852722167969,41.95404296875,0.000498046875,0.27262044270833335,6.189810752868652,7.699206829071045,4.5074992179870605
dc8292c102663e64,train,dc8292c102663e64__underexposure__s3,underexposure,3,medium,1,640.0,480.0,1.3333333333333333,58.60482096354167,36.054901471473826,0.373974609375,0.0,3.2552083333333335e-06,0.0,10.0,14.0,50.0,132.0,140.0,118.0,130.0,510.5080878905826,40.375511169433594,60.03212356567383,45.36118489583333,0.0018326822916666667,0.26603515625,6.4539384841918945,6.873810768127441,5.392284393310547
dc8292c102663e64,train,dc8292c102663e64__overexposure__s3,overexposure,3,medium,1,640.0,480.0,1.3333333333333333,147.17849934895833,75.29395542318706,0.048291015625,0.26728515625,0.0,0.103369140625,28.0,40.0,137.0,255.0,255.0,215.0,227.0,2383.170819592116,81.5784912109375,116.83030700683594,41.45986979166667,0.0015364583333333333,0.32050455729166666,13.206718444824219,7.355838298797607,11.213312149047852
dc8292c102663e64,train,dc8292c102663e64__noise__s3,noise,3,medium,1,640.0,480.0,1.3333333333333333,106.65716796875,65.83298029349233,0.152216796875,0.09549153645833333,6.510416666666667e-05,0.0008854166666666666,9.0,22.0,92.0,238.0,252.0,216.0,243.0,5197.018963735696,101.44501495361328,102.0121078491211,59.155934244791666,0.014163411458333334,0.23052083333333334,16.50740623474121,7.833792209625244,16.897600173950195
dc8292c102663e64,train,dc8292c102663e64__compression__s3,compression,3,medium,1,640.0,480.0,1.3333333333333333,107.32064453125,65.34289269604356,0.14458984375,0.09576822916666666,9.765625e-06,0.011741536458333333,19.0,27.0,92.0,241.0,255.0,214.0,236.0,1536.0261464942828,72.71387481689453,107.94328308105469,43.62472005208333,0.0018782552083333333,0.26392252604166666,11.454489707946777,7.724298477172852,9.258033752441406
2b472f58ae604977,train,2b472f58ae604977__clean,none,0,none,0,500.0,375.0,1.3333333333333333,121.07458133333333,24.109461606557115,0.008464,0.011941333333333333,0.0002666666666666667,4.266666666666667e-05,53.0,105.0,117.0,177.0,217.0,72.0,164.0,1028.9185968301795,21.44366455078125,78.10091400146484,136.1024,0.014816,0.05717333333333333,7.878512859344482,5.424258232116699,3.3331713676452637
2b472f58ae604977,train,2b472f58ae604977__blur__s3,blur,3,medium,1,500.0,375.0,1.3333333333333333,121.10411733333333,20.08486387591992,0.0016533333333333333,0.005098666666666666,0.0,0.0,81.0,105.0,117.0,168.0,212.0,63.0,131.0,7.276314627726222,9.920418739318848,32.19356155395508,134.54549333333333,0.006256,0.055344,1.1326028108596802,5.316113471984863,0.742476224899292
2b472f58ae604977,train,2b472f58ae604977__motion_blur__s3,motion_blur,3,medium,1,500.0,375.0,1.3333333333333333,121.10826666666667,18.441801818935396,0.00042133333333333335,0.002570666666666667,0.0,0.0,92.0,106.0,117.0,163.0,201.0,57.0,109.0,25.888037189944892,9.176593780517578,27.644115447998047,133.468064,0.002410666666666667,0.050762666666666664,1.7402399778366089,5.287825584411621,0.8463295102119446
2b472f58ae604977,train,2b472f58ae604977__underexposure__s3,underexposure,3,medium,1,500.0,375.0,1.3333333333333333,66.14585066666666,13.275521819613454,0.018101333333333334,0.0,0.0004533333333333333,0.0,29.0,57.0,64.0,97.0,119.0,40.0,90.0,302.58197858062226,12.137375831604004,42.96907424926758,136.21533866666667,0.015018666666666666,0.057248,4.319374084472656,4.581984043121338,1.8706409931182861
2b472f58ae604977,train,2b472f58ae604977__overexposure__s3,overexposure,3,medium,1,500.0,375.0,1.3333333333333333,176.174672,27.774615779384167,0.006112,0.068176,0.000208,0.021653333333333333,75.0,156.0,173.0,251.0,255.0,95.0,180.0,1379.7771506973584,25.16434097290039,92.65411376953125,127.26997866666666,0.012965333333333334,0.06813866666666667,9.1174955368042,5.610931873321533,3.7696404457092285
2b472f58ae604977,train,2b472f58ae604977__noise__s3,noise,3,medium,1,500.0,375.0,1.3333333333333333,120.672544,27.2876207201739,0.008,0.012773333333333333,3.2e-05,0.0,52.0,89.0,118.0,175.0,219.0,86.0,167.0,4605.9514305086295,70.62418365478516,74.12126159667969,137.30966933333335,0.015829333333333334,0.046906666666666666,14.206345558166504,6.490111351013184,14.109452247619629
2b472f58ae604977,train,2b472f58ae604977__compression__s3,compression,3,medium,1,500.0,375.0,1.3333333333333333,121.09102933333334,23.84878924237328,0.0076746666666666664,0.011904,0.0003626666666666667,4.8e-05,53.0,104.0,116.0,176.0,217.0,72.0,164.0,867.5104586659555,18.54052734375,77.14410400390625,135.740752,0.013525333333333334,0.05291733333333333,7.50809907913208,4.678009033203125,2.678900718688965
00132e042709fc7a,val,00132e042709fc7a__clean,none,0,none,0,640.0,427.0,1.4988290398126465,126.60518149882904,45.83910578566464,0.048872950819672134,0.0485655737704918,4.3911007025761124e-05,0.000702576112412178,10.0,40.0,132.0,214.0,251.0,174.0,241.0,1219.937193630691,74.28300476074219,101.0185317993164,84.04627854215457,0.009470140515222483,0.15657567330210773,10.107632637023926,7.262875556945801,8.951200485229492
00132e042709fc7a,val,00132e042709fc7a__blur__s3,blur,3,medium,1,640.0,427.0,1.4988290398126465,126.60896516393443,40.96165504432283,0.030166861826697894,0.033928571428571426,0.0,2.5614754098360656e-05,19.0,51.0,132.0,196.0,248.0,145.0,229.0,18.625735459543062,39.00810241699219,47.3597526550293,80.8913788056206,0.0014819964871194378,0.15046838407494145,1.8707703351974487,7.110230922698975,2.2265899181365967
00132e042709fc7a,val,00132e042709fc7a__motion_blur__s3,motion_blur,3,medium,1,640.0,427.0,1.4988290398126465,126.60757098946137,39.45357934231272,0.02149443793911007,0.03046692037470726,0.0,6.22072599531616e-05,26.0,56.0,131.0,194.0,247.0,138.0,221.0,135.04729232510326,44.49284744262695,51.65532302856445,80.42040398126464,0.0007208723653395785,0.15524370608899296,4.0849833488464355,7.111414909362793,4.193459987640381
00132e042709fc7a,val,00132e042709fc7a__underexposure__s3,underexposure,3,medium,1,640.0,427.0,1.4988290398126465,69.16007391686183,25.21155530904616,0.12326551522248244,0.0,0.00027810304449648715,0.0,5.0,22.0,72.0,117.0,138.0,95.0,133.0,349.9732499488257,40.90223693847656,55.53897476196289,85.12803351873536,0.012390222482435598,0.14538202576112413,5.500144958496094,6.407612323760986,4.8571624755859375
00132e042709fc7a,val,00132e042709fc7a__overexposure__s3,overexposure,3,medium,1,640.0,427.0,1.4988290398126465,182.76384294496486,56.2766674404247,0.03218310889929742,0.2906872072599532,1.4637002341920375e-05,0.032625878220140514,15.0,60.0,197.0,254.0,255.0,194.0,240.0,1850.509919669688,93.79664611816406,117.1120376586914,82.05410201990632,0.008108899297423887,0.18775248829039812,12.252285957336426,7.371262550354004,11.202301979064941
00132e042709fc7a,val,00132e042709fc7a__noise__s3,noise,3,medium,1,640.0,427.0,1.4988290398126465,126.04128366510538,46.950253810144424,0.052162617096018736,0.04825819672131147,0.0001244145199063232,0.000351288056206089,9.0,38.0,130.0,213.0,249.0,175.0,240.0,4702.380165396292,99.18962097167969,97.1982421875,88.47906176814988,0.02416935011709602,0.13910275175644027,15.387306213378906,7.433304786682129,16.03306770324707
00132e042709fc7a,val,00132e042709fc7a__compression__s3,compression,3,medium,1,640.0,427.0,1.4988290398126465,126.58781835480093,45.61645032527718,0.04766905737704918,0.047548302107728334,0.00011343676814988291,0.0005781615925058548,10.0,41.0,132.0,212.0,251.0,171.0,241.0,1040.2261973734076,73.91283416748047,99.5446548461914,84.17447306791568,0.013524590163934426,0.15087456088992973,9.670117378234863,7.25862979888916,8.448288917541504
fe22617b02d85f3d,val,fe22617b02d85f3d__clean,none,0,none,0,640.0,426.0,1.5023474178403755,109.68309125586855,62.91696931720018,0.1202318075117371,0.1285468016431925,5.868544600938967e-05,0.0009756455399061033,7.0,22.0,101.0,236.0,247.0,214.0,240.0,1175.4084769172166,44.62534713745117,54.575016021728516,109.07402068661972,0.0421324823943662,0.09317414906103286,7.718051910400391,7.657881259918213,5.991522312164307
fe22617b02d85f3d,val,fe22617b02d85f3d__blur__s3,blur,3,medium,1,640.0,426.0,1.5023474178403755,109.67095070422535,61.68053326153356,0.11252567488262911,0.12649647887323945,0.0,0.0009463028169014085,10.0,24.0,101.0,236.0,246.0,212.0,236.0,6.484567974561181,22.290258407592773,26.3188533782959,107.28738996478873,0.027395099765258217,0.09465962441314554,1.0111334323883057,7.607376575469971,1.2186613082885742
fe22617b02d85f3d,val,fe22617b02d85f3d__motion_blur__s3,motion_blur,3,medium,1,640.0,426.0,1.5023474178403755,109.67521273474179,61.059976145927585,0.10502860915492958,0.1251650528169014,0.0,0.0007702464788732394,12.0,27.0,101.0,236.0,246.0,209.0,234.0,46.05641859990267,22.45241355895996,26.615924835205078,106.46644659624413,0.020840669014084507,0.09413512323943662,2.2012085914611816,7.587307929992676,1.7424237728118896
fe22617b02d85f3d,val,fe22617b02d85f3d__underexposure__s3,underexposure,3,medium,1,640.0,426.0,1.5023474178403755,59.86595143779343,34.57525429880259,0.3131602112676056,0.0,0.00031543427230046946,0.0,4.0,12.0,55.0,129.0,135.0,117.0,131.0,318.85311084522226,24.574825286865234,29.904239654541016,110.56566167840376,0.04806338028169014,0.0835093896713615,4.12835693359375,6.793282508850098,3.2103686332702637
fe22617b02d85f3d,val,fe22617b02d85f3d__overexposure__s3,overexposure,3,medium,1,640.0,426.0,1.5023474178403755,150.58976305751173,70.91486702882247,0.06669967723004695,0.22570789319248827,6.602112676056337e-05,0.12696963028169014,11.0,33.0,151.0,255.0,255.0,222.0,244.0,2071.0104585521553,60.07878494262695,76.30944061279297,104.8082929870892,0.04192708333333333,0.1465155516431925,10.488052368164062,7.437191009521484,7.883578300476074
fe22617b02d85f3d,val,fe22617b02d85f3d__noise__s3,noise,3,medium,1,640.0,426.0,1.5023474178403755,109.20014304577465,63.18183212467763,0.12721170774647889,0.11464568661971831,0.00013937793427230046,0.00025308098591549295,7.0,20.0,101.0,237.0,250.0,217.0,243.0,4513.630174494587,75.7345199584961,54.98984146118164,108.85405663145539,0.06254401408450705,0.10032276995305164,13.794391632080078,7.770910739898682,14.153044700622559
fe22617b02d85f3d,val,fe22617b02d85f3d__compression__s3,compression,3,medium,1,640.0,426.0,1.5023474178403755,109.69083773474179,62.81044503308963,0.12005208333333334,0.12855780516431925,7.335680751173709e-06,0.00037778755868544603,8.0,22.0,101.0,236.0,246.0,214.0,238.0,707.6124267327361,43.70584487915039,54.50181579589844,108.74175836267605,0.04158230633802817,0.09255795187793427,6.799764156341553,7.622006893157959,5.135865688323975
93cdd55e59cf7d32,val,93cdd55e59cf7d32__clean,none,0,none,0,640.0,427.0,1.4988290398126465,65.88116217798594,73.84958997011918,0.519009806791569,0.09743486533957846,0.00900175644028103,0.0018332845433255268,1.0,2.0,37.0,245.0,253.0,243.0,252.0,1304.118436355828,67.13445281982422,112.10228729248047,85.22405591334895,0.051514929742388756,0.2383086943793911,10.689810752868652,7.207761764526367,8.336889266967773
93cdd55e59cf7d32,val,93cdd55e59cf7d32__blur__s3,blur,3,medium,1,640.0,427.0,1.4988290398126465,65.86290251756441,70.71098549792863,0.49591261709601875,0.08626683255269321,0.0004098360655737705,7.318501170960187e-06,1.0,2.0,40.0,243.0,251.0,241.0,250.0,19.12287740836748,36.48232650756836,51.23755645751953,77.14213261124122,0.022281176814988292,0.24829844847775176,1.907623052597046,7.238025188446045,2.1005711555480957
93cdd55e59cf7d32,val,93cdd55e59cf7d32__motion_blur__s3,motion_blur,3,medium,1,640.0,427.0,1.4988290398126465,65.86035933840749,69.66111985522814,0.4828747072599532,0.08372365339578454,0.0011673009367681498,6.586651053864169e-05,1.0,2.0,42.0,237.0,250.0,235.0,249.0,172.01984772032978,34.937007904052734,60.99651336669922,76.85387148711943,0.021596896955503514,0.24776053864168618,4.54915189743042,7.268363952636719,3.0289573669433594
93cdd55e59cf7d32,val,93cdd55e59cf7d32__underexposure__s3,underexposure,3,medium,1,640.0,427.0,1.4988290398126465,35.77108094262295,40.60881338729833,0.7003037177985948,0.0,0.044068354800936765,0.0,0.0,1.0,20.0,134.0,139.0,133.0,139.0,374.9431660687543,36.97221755981445,61.51038360595703,85.68904786299765,0.07634294496487119,0.2797533665105386,5.816265106201172,6.3466925621032715,4.540980815887451
93cdd55e59cf7d32,val,93cdd55e59cf7d32__overexposure__s3,overexposure,3,medium,1,640.0,427.0,1.4988290398126465,86.70591700819672,84.9101849848965,0.4123719262295082,0.1537690281030445,0.007472189695550351,0.08767930327868853,1.0,3.0,55.0,255.0,255.0,252.0,254.0,2095.475147713534,83.08268737792969,138.95693969726562,83.64018954918033,0.05311036299765808,0.2606264637002342,13.38350772857666,7.116971015930176,10.303479194641113
93cdd55e59cf7d32,val,93cdd55e59cf7d32__noise__s3,noise,3,medium,1,640.0,427.0,1.4988290398126465,67.0430181498829,72.1877319809991,0.5081528103044497,0.0939878512880562,0.004669203747072599,0.0007464871194379391,1.0,3.0,38.0,240.0,252.0,237.0,251.0,3950.9428893729173,90.57415008544922,105.53936767578125,108.6178425058548,0.15223214285714284,0.15022321428571428,14.64612865447998,7.304835796356201,14.6055908203125
93cdd55e59cf7d32,val,93cdd55e59cf7d32__compression__s3,compression,3,medium,1,640.0,427.0,1.4988290398126465,65.90278834894613,73.73875513336628,0.5168801229508196,0.09774590163934427,0.02146150468384075,0.0018223067915690866,0.0,2.0,37.0,245.0,252.0,243.0,252.0,1150.914979333469,66.68901824951172,110.88690948486328,82.97919350117095,0.06433694379391101,0.2699648711943794,10.347126007080078,7.166512966156006,7.888051509857178
fa0ce7b066c2fe7b,val,fa0ce7b066c2fe7b__clean,none,0,none,0,457.0,640.0,0.7140625,116.98837869256018,57.739455659093736,0.1352058260393873,0.017071252735229758,0.00019830415754923413,1.025711159737418e-05,4.0,9.0,120.0,199.0,220.0,190.0,216.0,489.21562620783834,42.40218734741211,72.2719497680664,56.55826381291028,0.007590262582056893,0.37012787199124725,6.1519293785095215,7.667549133300781,4.887350559234619
fa0ce7b066c2fe7b,val,fa0ce7b066c2fe7b__blur__s3,blur,3,medium,1,457.0,640.0,0.7140625,116.98183123632386,55.9343053728544,0.12628213894967177,0.009898112691466083,3.4190371991247266e-06,0.0,4.0,9.0,120.0,195.0,215.0,186.0,211.0,10.561187062782201,26.14934730529785,38.835880279541016,54.658544173960614,0.00193859409190372,0.37475724835886215,1.3662794828414917,7.614444732666016,1.440616488456726
fa0ce7b066c2fe7b,val,fa0ce7b066c2fe7b__motion_blur__s3,motion_blur,3,medium,1,457.0,640.0,0.7140625,116.98198167396062,54.97967252427056,0.12228528446389497,0.005928610503282276,0.0,0.0,4.0,10.0,121.0,193.0,212.0,183.0,208.0,31.491650381226385,25.999876022338867,37.27582931518555,53.734002324945294,0.001736870897155361,0.37475724835886215,2.076035499572754,7.597639083862305,1.7932329177856445
fa0ce7b066c2fe7b,val,fa0ce7b066c2fe7b__underexposure__s3,underexposure,3,medium,1,457.0,640.0,0.7140625,63.87511966630197,31.73483586951156,0.22764633479212254,0.0,0.0008650164113785558,0.0,2.0,4.0,65.0,109.0,121.0,105.0,119.0,130.45706908740735,23.394155502319336,39.63166427612305,57.189117204595185,0.012301695842450765,0.36814141137855577,3.2974371910095215,6.796189785003662,2.614718437194824
fa0ce7b066c2fe7b,val,fa0ce7b066c2fe7b__overexposure__s3,overexposure,3,medium,1,457.0,640.0,0.7140625,168.6973399890591,78.254801708666,0.1049917943107221,0.37000478665207875,0.00011282822757111598,0.14437910284463895,6.0,13.0,179.0,255.0,255.0,242.0,249.0,730.7728671293596,51.28355407714844,94.18993377685547,53.310407549234135,0.006082467177242888,0.40281386761487964,7.672605991363525,7.186004638671875,5.715574741363525
fa0ce7b066c2fe7b,val,fa0ce7b066c2fe7b__noise__s3,noise,3,medium,1,457.0,640.0,0.7140625,116.96079048140044,58.27290839601999,0.13636146061269147,0.02243914113785558,0.000837664113785558,6.838074398249453e-06,2.0,12.0,121.0,203.0,226.0,191.0,224.0,3957.6088866829205,78.60962677001953,69.20287322998047,64.65592519146608,0.041619939824945294,0.27525642778993437,13.186782836914062,7.764220237731934,13.871484756469727
fa0ce7b066c2fe7b,val,fa0ce7b066c2fe7b__compression__s3,compression,3,medium,1,457.0,640.0,0.7140625,116.98875820568928,57.6650021424636,0.13501777899343545,0.016336159737417942,0.0004889223194748358,3.4190371991247266e-06,4.0,9.0,120.0,198.0,220.0,189.0,216.0,335.4651236518627,41.44047546386719,72.03807830810547,54.29504239606127,0.010161378555798687,0.39333971553610503,5.642590522766113,7.606679916381836,4.228507995605469
8b8aa2412ac3502d,val,8b8aa2412ac3502d__clean,none,0,none,0,640.0,427.0,1.4988290398126465,40.104464285714286,35.04689396531197,0.5669825819672131,0.002067476580796253,0.0024041276346604217,3.6592505854800937e-06,1.0,3.0,33.0,104.0,116.0,101.0,115.0,335.48132807442556,18.092477798461914,55.049171447753906,117.52790544496487,0.12083211358313817,0.07414373536299766,5.095299243927002,6.4360127449035645,2.6228113174438477
8b8aa2412ac3502d,val,8b8aa2412ac3502d__blur__s3,blur,3,medium,1,640.0,427.0,1.4988290398126465,40.0881293911007,33.751628109948285,0.5645784543325527,0.0006586651053864168,5.4888758782201405e-05,0.0,2.0,4.0,33.0,103.0,115.0,99.0,113.0,4.635655284369189,9.648953437805176,26.43035888671875,115.05150761124122,0.09867901053864168,0.07352166276346604,0.8597831726074219,6.3988142013549805,0.6887578964233398
8b8aa2412ac3502d,val,8b8aa2412ac3502d__motion_blur__s3,motion_blur,3,medium,1,640.0,427.0,1.4988290398126465,40.08631806206089,33.820168559421944,0.5662543911007025,0.0006440281030444965,5.4888758782201405e-05,0.0,2.0,4.0,33.0,103.0,115.0,99.0,113.0,51.294482091728334,11.437650680541992,35.856258392333984,115.90156981850117,0.11170228337236535,0.0728849531615925,2.4614312648773193,6.4034247398376465,1.257067322731018
8b8aa2412ac3502d,val,8b8aa2412ac3502d__underexposure__s3,underexposure,3,medium,1,640.0,427.0,1.4988290398126465,21.550029274004682,19.300995821322104,0.7941561768149883,0.0,0.014754098360655738,0.0,0.0,1.0,17.0,57.0,63.0,56.0,63.0,96.6924099010237,10.118029594421387,30.213287353515625,125.50685743559718,0.24012368266978923,0.07854581381733021,2.772656202316284,5.564855575561523,1.4703705310821533
8b8aa2412ac3502d,val,8b8aa2412ac3502d__overexposure__s3,overexposure,3,medium,1,640.0,427.0,1.4988290398126465,59.58373463114754,51.26219502408369,0.4356118266978923,0.003659250585480094,0.0018076697892271663,9.148126463700235e-05,1.0,5.0,49.0,156.0,174.0,151.0,173.0,594.3391180946855,25.76547622680664,72.81999969482422,119.40805035128805,0.1515807962529274,0.07101507611241217,6.798882961273193,6.996430397033691,3.7354118824005127
8b8aa2412ac3502d,val,8b8aa2412ac3502d__noise__s3,noise,3,medium,1,640.0,427.0,1.4988290398126465,41.91253293325527,34.98747257585816,0.5636929156908665,0.0019796545667447305,0.004387441451990632,0.0,1.0,3.0,33.0,107.0,128.0,104.0,127.0,3130.584229792024,57.9340934753418,54.01295471191406,116.95256879391101,0.16355386416861828,0.04865339578454333,11.605146408081055,6.764693737030029,11.688860893249512
8b8aa2412ac3502d,val,8b8aa2412ac3502d__compression__s3,compression,3,medium,1,640.0,427.0,1.4988290398126465,40.15882245316159,34.92235195530169,0.5637624414519906,0.00195769906323185,0.002071135831381733,3.6592505854800937e-06,2.0,4.0,33.0,104.0,116.0,100.0,114.0,278.19565090307003,15.45659065246582,54.163875579833984,115.19237046252927,0.12493779274004684,0.07939841920374707,4.786373615264893,6.029922008514404,2.088564395904541
e638b349929d13bb,val,e638b349929d13bb__clean,none,0,none,0,640.0,425.0,1.5058823529411764,116.06135661764706,94.35034833899132,0.3545551470588235,0.24099632352941178,0.06205514705882353,0.012669117647058824,0.0,0.0,111.0,250.0,255.0,250.0,255.0,8517.198734086274,168.79833984375,183.3873291015625,16.997757352941175,0.016691176470588234,0.8172426470588235,23.172273635864258,7.535491943359375,23.366315841674805
e638b349929d13bb,val,e638b349929d13bb__blur__s3,blur,3,medium,1,640.0,425.0,1.5058823529411764,116.02020220588236,84.53611662872262,0.3046948529411765,0.1499779411764706,0.01699264705882353,0.0,0.0,3.0,119.0,234.0,248.0,231.0,248.0,62.368069493822986,82.71482849121094,87.12078857421875,7.593790441176471,0.0009375,0.9002316176470588,3.512031316757202,7.769389629364014,4.8592529296875
e638b349929d13bb,val,e638b349929d13bb__motion_blur__s3,motion_blur,3,medium,1,640.0,425.0,1.5058823529411764,116.01498161764705,80.61041153812111,0.2708345588235294,0.13272058823529412,0.015661764705882354,1.1029411764705883e-05,0.0,4.0,117.0,232.0,244.0,228.0,244.0,344.35011657823316,82.20488739013672,85.75102996826172,7.180930147058824,0.0008235294117647059,0.9118639705882353,6.4230265617370605,7.848925590515137,6.834678649902344
e638b349929d13bb,val,e638b349929d13bb__underexposure__s3,underexposure,3,medium,1,640.0,425.0,1.5058823529411764,63.41458823529412,51.82208327657783,0.43063970588235295,0.0,0.08069485294117647,0.0,0.0,0.0,61.0,137.0,140.0,137.0,140.0,2488.1722888417903,92.81693267822266,100.83984375,5.682669117647059,0.004863970588235294,0.9476691176470589,12.659292221069336,6.722589492797852,12.725871086120605
e638b349929d13bb,val,e638b349929d13bb__overexposure__s3,overexposure,3,medium,1,640.0,425.0,1.5058823529411764,143.78897426470587,106.88507902824573,0.3064411764705882,0.43483823529411764,0.05489705882352941,0.24623161764705884,0.0,0.0,166.0,255.0,255.0,255.0,255.0,9961.657987632123,160.81570434570312,216.13653564453125,16.37012867647059,0.018113970588235294,0.8310514705882353,24.711259841918945,6.023341178894043,23.41399574279785
e638b349929d13bb,val,e638b349929d13bb__noise__s3,noise,3,medium,1,640.0,425.0,1.5058823529411764,116.51357352941176,92.02256536495564,0.3477426470588235,0.23277573529411766,0.0045735294117647055,0.0012941176470588236,1.0,3.0,110.0,248.0,253.0,245.0,252.0,10615.330512211884,174.98805236816406,175.99952697753906,62.5966544117647,0.09857352941176471,0.4994154411764706,24.679412841796875,7.674826145172119,25.545379638671875
e638b349929d13bb,val,e638b349929d13bb__compression__s3,compression,3,medium,1,640.0,425.0,1.5058823529411764,116.06073897058823,93.6897122532724,0.3517058823529412,0.23531617647058822,0.059158088235294115,0.01936764705882353,0.0,0.0,111.0,250.0,255.0,250.0,255.0,7282.072041331316,169.34132385253906,179.80149841308594,9.846544117647058,0.012731617647058824,0.9004117647058824,22.465007781982422,7.560220718383789,22.451894760131836
34a98da7c11bc881,val,34a98da7c11bc881__clean,none,0,none,0,427.0,640.0,0.6671875,101.15648053278689,65.73963383165014,0.2278468969555035,0.06050570843091335,0.014022248243559719,1.4637002341920375e-05,0.0,7.0,97.0,219.0,240.0,212.0,240.0,817.2721510676265,55.749168395996094,94.8330307006836,92.19968530444964,0.03801961358313817,0.12098946135831382,8.260083198547363,7.846905708312988,5.988943576812744
34a98da7c11bc881,val,34a98da7c11bc881__blur__s3,blur,3,medium,1,427.0,640.0,0.6671875,101.14272540983606,63.12686142646209,0.2133855386416862,0.04596018735362998,0.011548594847775175,0.0,0.0,8.0,98.0,214.0,233.0,206.0,233.0,15.541549251592738,35.79121017456055,45.99458694458008,89.12438890515223,0.023313085480093677,0.11977093091334895,1.6908081769943237,7.822703838348389,1.805051326751709
34a98da7c11bc881,val,34a98da7c11bc881__motion_blur__s3,motion_blur,3,medium,1,427.0,640.0,0.6671875,101.14669569672131,61.46315506908075,0.2050387880562061,0.037774443793911004,0.008225995316159251,0.0,1.0,10.0,99.0,211.0,231.0,201.0,230.0,59.954827018087414,33.36046600341797,43.40159225463867,87.80399224238876,0.01718018149882904,0.11592139929742389,2.770411491394043,7.81473970413208,2.156614065170288
34a98da7c11bc881,val,34a98da7c11bc881__underexposure__s3,underexposure,3,medium,1,427.0,640.0,0.6671875,55.16221823770492,36.13250672105525,0.3756806206088993,0.0,0.024458430913348945,0.0,0.0,3.0,53.0,120.0,131.0,117.0,131.0,232.86229197223352,30.823974609375,52.05141830444336,91.19227532201405,0.040412763466042154,0.13507757611241217,4.497657775878906,6.981749057769775,3.3112494945526123
34a98da7c11bc881,val,34a98da7c11bc881__overexposure__s3,overexposure,3,medium,1,427.0,640.0,0.6671875,140.44965603044497,82.00070304986465,0.15756001170960188,0.2438048887587822,0.01291349531615925,0.07513539227166276,0.0,10.0,145.0,255.0,255.0,245.0,255.0,1266.212112849949,65.47864532470703,112.62787628173828,85.56570550351287,0.039571135831381735,0.18783665105386416,10.079785346984863,7.627957820892334,7.045706272125244
34a98da7c11bc881,val,34a98da7c11bc881__noise__s3,noise,3,medium,1,427.0,640.0,0.6671875,101.32273858313818,65.7752245422047,0.22486460772833725,0.061596165105386416,0.0014819964871194378,6.952576112412179e-05,2.0,9.0,96.0,220.0,243.0,211.0,241.0,4111.378252098849,86.50128936767578,90.24958038330078,100.66004830210773,0.0708247950819672,0.10647321428571428,14.026689529418945,7.875214576721191,14.528618812561035
34a98da7c11bc881,val,34a98da7c11bc881__compression__s3,compression,3,medium,1,427.0,640.0,0.6671875,101.17439622365339,65.63945250276184,0.227942037470726,0.06069598946135831,0.01405518149882904,9.514051522248244e-05,0.0,7.0,97.0,219.0,240.0,212.0,240.0,659.0174931540628,56.37331771850586,93.52365112304688,91.66899882903981,0.0421509074941452,0.12828234777517564,7.891040802001953,7.844398498535156,5.80858850479126
bd6ac1c94ef4599b,val,bd6ac1c94ef4599b__clean,none,0,none,0,551.0,640.0,0.8609375,107.25902620235935,64.84508616349285,0.09426894283121597,0.09015142921960073,5.671506352087114e-06,4.2536297640653356e-05,7.0,24.0,81.0,232.0,251.0,208.0,244.0,9066.608838703934,118.61351776123047,152.84896850585938,166.47363316696914,0.557750113430127,0.058836206896551724,23.85721206665039,7.516330242156982,19.51447296142578
bd6ac1c94ef4599b,val,bd6ac1c94ef4599b__blur__s3,blur,3,medium,1,551.0,640.0,0.8609375,107.18649047186933,56.92005538844533,0.05417706442831216,0.0019509981851179674,0.0,0.0,23.0,38.0,81.0,199.0,209.0,161.0,186.0,20.67704215432497,30.280609130859375,41.66975402832031,162.84164870689656,0.5471784255898366,0.011260775862068965,1.9138190746307373,7.048623561859131,2.230578660964966
bd6ac1c94ef4599b,val,bd6ac1c94ef4599b__motion_blur__s3,motion_blur,3,medium,1,551.0,640.0,0.8609375,107.19135662431943,56.81540522828245,0.04068171506352087,0.011150181488203266,0.0,0.0,24.0,42.0,81.0,205.0,216.0,163.0,192.0,633.6959433123933,45.75562286376953,66.5790023803711,161.97991719600725,0.529426610707804,0.011436592558983666,7.857295989990234,7.179070949554443,6.021553993225098
bd6ac1c94ef4599b,val,bd6ac1c94ef4599b__underexposure__s3,underexposure,3,medium,1,551.0,640.0,0.8609375,58.59611501814882,35.679457147098454,0.37282214156079857,0.0,4.8207803992740474e-05,0.0,4.0,13.0,44.0,127.0,139.0,114.0,135.0,2728.869280772121,65.31109619140625,84.53327178955078,167.30747788112524,0.5595309664246824,0.03848117059891107,13.148579597473145,6.6689839363098145,10.651293754577637
bd6ac1c94ef4599b,val,bd6ac1c94ef4599b__overexposure__s3,overexposure,3,medium,1,551.0,640.0,0.8609375,144.49271211433756,73.5062200148422,0.05592388838475499,0.2797669010889292,2.835753176043557e-06,0.016004990925589838,10.0,36.0,117.0,254.0,255.0,218.0,245.0,9121.737552242417,110.89952087402344,161.88108825683594,157.17732248185118,0.5525521778584392,0.25776429219600727,23.397993087768555,7.058363437652588,18.816804885864258
bd6ac1c94ef4599b,val,bd6ac1c94ef4599b__noise__s3,noise,3,medium,1,551.0,640.0,0.8609375,108.03121880671506,64.29552327286464,0.09347776769509981,0.09292196007259527,2.835753176043557e-06,4.8207803992740474e-05,8.0,25.0,85.0,232.0,249.0,207.0,241.0,11436.62533700916,136.79867553710938,141.2101593017578,160.6707974137931,0.5318143148820327,0.07303198729582577,25.502944946289062,7.656465530395508,23.875612258911133
bd6ac1c94ef4599b,val,bd6ac1c94ef4599b__compression__s3,compression,3,medium,1,551.0,640.0,0.8609375,107.31014348911071,64.13197919739956,0.08976860254083485,0.08843863430127041,1.7014519056261344e-05,8.507259528130672e-06,9.0,26.0,81.0,231.0,250.0,205.0,241.0,8635.533123786923,116.00167846679688,149.7620391845703,164.38894056261344,0.5454911524500907,0.04012307168784029,23.447208404541016,7.487795352935791,18.596986770629883
d5b79e7fa716f85c,val,d5b79e7fa716f85c__clean,none,0,none,0,424.0,640.0,0.6625,98.40805940448114,45.10443447695424,0.060885908018867924,0.013845076650943396,0.0001179245283018868,0.0002358490566037736,23.0,37.0,86.0,186.0,227.0,149.0,204.0,642.6136049783828,34.309165954589844,63.00136947631836,72.93505675117925,0.1173496462264151,0.4341244103773585,7.087401390075684,7.256805419921875,5.058193683624268
d5b79e7fa716f85c,val,d5b79e7fa716f85c__blur__s3,blur,3,medium,1,424.0,640.0,0.6625,98.40779775943396,43.54115343756664,0.046698113207547166,0.012975383254716982,0.0,0.0,25.0,40.0,86.0,185.0,223.0,145.0,198.0,5.678424000344526,16.711254119873047,27.922237396240234,71.43403596698113,0.10898806014150944,0.4395968455188679,0.9775511026382446,7.198052406311035,1.0612848997116089
d5b79e7fa716f85c,val,d5b79e7fa716f85c__motion_blur__s3,motion_blur,3,medium,1,424.0,640.0,0.6625,98.3951171875,42.786673923051424,0.04759728773584906,0.01115123820754717,2.2110849056603772e-05,0.0,25.0,40.0,87.0,183.0,218.0,143.0,193.0,205.08933115451606,22.067026138305664,40.54700469970703,70.65983932783018,0.10570091391509434,0.44062868514150944,4.459491729736328,7.215687274932861,2.5715835094451904
d5b79e7fa716f85c,val,d5b79e7fa716f85c__underexposure__s3,underexposure,3,medium,1,424.0,640.0,0.6625,53.66528228183962,24.811605073654324,0.30972508844339625,0.0,0.0002247936320754717,0.0,12.0,20.0,47.0,102.0,125.0,82.0,113.0,185.1908660452881,18.968734741210938,34.539459228515625,74.15856058372641,0.12665094339622643,0.39666494693396226,3.8548648357391357,6.397670269012451,2.7780752182006836
d5b79e7fa716f85c,val,d5b79e7fa716f85c__overexposure__s3,overexposure,3,medium,1,424.0,640.0,0.6625,144.12001031839623,60.355271388950406,0.018492040094339624,0.1449771521226415,8.475825471698113e-05,0.05257591391509434,34.0,55.0,129.0,255.0,255.0,200.0,221.0,1372.6052181525552,47.30768585205078,90.28901672363281,71.9767135908019,0.11924380896226415,0.43243661556603774,10.337579727172852,7.439999580383301,7.157704830169678
d5b79e7fa716f85c,val,d5b79e7fa716f85c__noise__s3,noise,3,medium,1,424.0,640.0,0.6625,98.07136276533019,46.64616972311913,0.07727741745283019,0.01734596108490566,3.316627358490566e-05,4.053655660377358e-05,16.0,33.0,89.0,186.0,229.0,153.0,213.0,4271.232468585024,74.87483215332031,60.06292724609375,79.26108122051886,0.0983085200471698,0.2694649174528302,13.857612609863281,7.489116191864014,14.323342323303223
d5b79e7fa716f85c,val,d5b79e7fa716f85c__compression__s3,compression,3,medium,1,424.0,640.0,0.6625,98.42040462853774,45.07808774521742,0.060019899764150945,0.014051444575471698,8.475825471698113e-05,5.1591981132075474e-05,22.0,37.0,86.0,186.0,227.0,149.0,205.0,600.70655183346,33.494361877441406,63.10258865356445,72.27522847877358,0.1104694870283019,0.4334942511792453,6.9846296310424805,7.150083065032959,4.767233371734619
c7b1180c75a332e8,val,c7b1180c75a332e8__clean,none,0,none,0,375.0,500.0,0.75,95.65393066666667,48.54750043702758,0.09565333333333334,0.040736,1.6e-05,0.00033066666666666666,18.0,31.0,89.0,205.0,245.0,174.0,227.0,1957.8077076653792,66.07411193847656,89.52012634277344,84.596448,0.007605333333333334,0.08430933333333333,11.242768287658691,7.432489395141602,9.829668045043945
c7b1180c75a332e8,val,c7b1180c75a332e8__blur__s3,blur,3,medium,1,375.0,500.0,0.75,95.676416,44.995843808752056,0.07574933333333334,0.031376,0.0,1.0666666666666667e-05,21.0,35.0,90.0,196.0,236.0,161.0,215.0,12.456767883491557,29.513723373413086,36.28623580932617,81.67359466666667,2.6666666666666667e-05,0.08159466666666666,1.4859764575958252,7.309887409210205,1.7591743469238281
c7b1180c75a332e8,val,c7b1180c75a332e8__motion_blur__s3,motion_blur,3,medium,1,375.0,500.0,0.75,95.671616,43.70068879642376,0.07181866666666667,0.027258666666666667,0.0,5.8666666666666665e-05,21.0,36.0,90.0,191.0,232.0,155.0,211.0,121.77265574328888,30.524139404296875,45.130348205566406,80.66744,0.0006186666666666667,0.082784,3.7934844493865967,7.28510856628418,2.85970401763916
c7b1180c75a332e8,val,c7b1180c75a332e8__underexposure__s3,underexposure,3,medium,1,375.0,500.0,0.75,52.14448,26.706136127544422,0.328128,0.0,3.2e-05,0.0,9.0,16.0,48.0,112.0,135.0,96.0,126.0,535.1305577379841,36.346160888671875,49.461273193359375,85.778,0.008954666666666666,0.08227733333333333,6.065265655517578,6.570295810699463,5.221795082092285
c7b1180c75a332e8,val,c7b1180c75a332e8__overexposure__s3,overexposure,3,medium,1,375.0,500.0,0.75,137.420512,59.261531100069654,0.034986666666666666,0.12469866666666667,5.333333333333334e-06,0.025621333333333333,27.0,46.0,133.0,253.0,255.0,207.0,228.0,3166.9039651064886,84.8212661743164,109.62504577636719,80.13616533333334,0.00608,0.147024,14.297944068908691,7.658596038818359,12.36015510559082
c7b1180c75a332e8,val,c7b1180c75a332e8__noise__s3,noise,3,medium,1,375.0,500.0,0.75,95.15972266666667,49.64227556565492,0.10772266666666666,0.038912,3.2e-05,0.00010666666666666667,11.0,27.0,89.0,203.0,242.0,176.0,231.0,5343.307798705807,94.37213897705078,85.053466796875,90.91628266666666,0.029957333333333332,0.06696,16.094881057739258,7.524287223815918,16.585399627685547
c7b1180c75a332e8,val,c7b1180c75a332e8__compression__s3,compression,3,medium,1,375.0,500.0,0.75,95.616816,48.20042225979088,0.09352533333333334,0.04021333333333333,2.1333333333333335e-05,0.00010666666666666667,18.0,31.0,89.0,204.0,243.0,173.0,225.0,1354.707718112256,64.34097290039062,88.97704315185547,83.92771733333333,0.008693333333333334,0.08539733333333334,10.340178489685059,7.385471820831299,8.471688270568848
ab798f0ee5d1bed5,val,ab798f0ee5d1bed5__clean,none,0,none,0,550.0,640.0,0.859375,110.38408238636363,58.744340109707856,0.09618465909090909,0.06049147727272727,0.0016676136363636363,0.0060625,3.0,29.0,105.0,224.0,254.0,195.0,251.0,1529.3116816011104,58.685569763183594,99.8541488647461,189.28607954545456,0.5506619318181818,0.025014204545454544,11.002513885498047,7.747686386108398,8.267329216003418
ab798f0ee5d1bed5,val,ab798f0ee5d1bed5__blur__s3,blur,3,medium,1,550.0,640.0,0.859375,110.34439772727272,55.70020741536372,0.0781278409090909,0.05184659090909091,0.0008494318181818182,0.005894886363636363,7.0,33.0,105.0,217.0,253.0,184.0,246.0,13.199948709936725,30.232620239257812,40.97557830810547,187.32651420454545,0.5350482954545455,0.02021590909090909,1.5632530450820923,7.689914703369141,1.7695069313049316
ab798f0ee5d1bed5,val,ab798f0ee5d1bed5__motion_blur__s3,motion_blur,3,medium,1,550.0,640.0,0.859375,110.35142613636364,55.6043668546549,0.07792045454545454,0.05298863636363636,0.0008125,0.004980113636363637,10.0,33.0,105.0,218.0,253.0,185.0,243.0,337.8112186318359,34.419219970703125,64.95760345458984,187.25719886363638,0.5305482954545454,0.021022727272727273,5.991062641143799,7.684662818908691,3.6540842056274414
ab798f0ee5d1bed5,val,ab798f0ee5d1bed5__underexposure__s3,underexposure,3,medium,1,550.0,640.0,0.859375,60.24975,32.305460855308404,0.30901704545454545,0.0,0.004721590909090909,0.0,1.0,15.0,57.0,123.0,139.0100000000093,108.0,138.0100000000093,438.2568437046019,32.38616943359375,54.88459014892578,190.49126988636363,0.5587869318181818,0.024582386363636365,5.994964599609375,6.894125938415527,4.470100402832031
ab798f0ee5d1bed5,val,ab798f0ee5d1bed5__overexposure__s3,overexposure,3,medium,1,550.0,640.0,0.859375,153.76999431818183,69.48300602158359,0.04319034090909091,0.24743181818181817,0.00103125,0.04164204545454545,4.0,43.0,157.0,254.0,255.0,211.0,251.0,2287.7882883480033,69.69801330566406,121.53929138183594,181.74279261363637,0.5477215909090909,0.07489772727272727,13.473919868469238,7.729947566986084,9.783472061157227
ab798f0ee5d1bed5,val,ab798f0ee5d1bed5__noise__s3,noise,3,medium,1,550.0,640.0,0.859375,110.23176704545455,58.83285076801214,0.106,0.06109090909090909,0.0003181818181818182,0.0004034090909090909,7.0,25.0,104.0,223.0,250.0,198.0,243.0,4788.017981156508,90.87248992919922,92.22107696533203,182.12574431818183,0.4753068181818182,0.02562215909090909,15.71769905090332,7.814787864685059,15.825586318969727
ab798f0ee5d1bed5,val,ab798f0ee5d1bed5__compression__s3,compression,3,medium,1,550.0,640.0,0.859375,110.41426704545455,58.48957474974459,0.09456818181818182,0.0599375,0.0015539772727272726,0.002758522727272727,3.0,29.0,105.0,223.0,253.0,194.0,250.0,1300.3072991508263,57.768341064453125,98.34603118896484,188.01392897727274,0.5373465909090909,0.023213068181818182,10.574114799499512,7.70432710647583,7.6421589851379395
3c929365d99581f0,val,3c929365d99581f0__clean,none,0,none,0,443.0,640.0,0.6921875,113.79710073363431,86.14117549878274,0.31750846501128666,0.1942367381489842,0.016616111738148986,0.0029204288939051917,0.0,3.0,109.0,245.0,254.0,242.0,254.0,2669.21234300695,67.42391204833984,136.69049072265625,0.0,0.0,1.0,13.625432968139648,7.781673908233643,10.110690116882324
3c929365d99581f0,val,3c929365d99581f0__blur__s3,blur,3,medium,1,443.0,640.0,0.6921875,113.7827349040632,82.29273316828073,0.28541901805869074,0.17492593115124153,0.00185877539503386,0.00015871896162528216,2.0,6.0,107.0,243.0,253.0,237.0,251.0,24.42906312973052,37.955806732177734,64.09736633300781,0.0,0.0,1.0,2.180607795715332,7.831132888793945,2.237943172454834
3c929365d99581f0,val,3c929365d99581f0__motion_blur__s3,motion_blur,3,medium,1,443.0,640.0,0.6921875,113.78543312641084,80.83842831287068,0.274880079006772,0.16738501693002258,0.0016400959367945825,0.00023984198645598195,2.0,6.0,108.0,242.0,253.0,236.0,251.0,228.56104489842494,38.2817497253418,72.217529296875,0.0,0.0,1.0,5.14603853225708,7.844379425048828,3.221977710723877
3c929365d99581f0,val,3c929365d99581f0__underexposure__s3,underexposure,3,medium,1,443.0,640.0,0.6921875,62.12235821106095,47.33851732424694,0.41414009593679457,0.0,0.024950620767494356,0.0,0.0,2.0,59.0,134.0,139.0,132.0,139.0,741.6970623382233,36.960819244384766,75.07652282714844,0.0,0.0,1.0,7.361198902130127,6.91130256652832,5.3263139724731445
3c929365d99581f0,val,3c929365d99581f0__overexposure__s3,overexposure,3,medium,1,443.0,640.0,0.6921875,146.61801283860046,99.94937790739881,0.2542466139954853,0.3929846218961625,0.013205417607223477,0.3213882618510158,0.0,5.0,163.0,255.0,255.0,250.0,255.0,4366.975640650844,82.33605194091797,165.0906982421875,0.0,0.0,1.0,17.13516616821289,6.108321189880371,12.180838584899902
3c929365d99581f0,val,3c929365d99581f0__noise__s3,noise,3,medium,1,443.0,640.0,0.6921875,113.93318637133183,84.9100017620368,0.307600874717833,0.17963812076749436,0.002373730248306998,0.0009382054176072234,1.0,5.0,107.0,244.0,253.0,239.0,252.0,5439.362267334354,95.0335464477539,127.45520782470703,55.3780756207675,0.06880290632054176,0.4917607223476298,17.002134323120117,7.845713138580322,16.477888107299805
3c929365d99581f0,val,3c929365d99581f0__compression__s3,compression,3,medium,1,443.0,640.0,0.6921875,113.82976509593679,85.93843188725924,0.3163057279909707,0.19390166478555304,0.016397432279909707,0.003484762979683973,0.0,4.0,109.0,246.0,254.0,242.0,254.0,2190.296644719965,66.21080780029297,135.3019561767578,0.0,0.0,1.0,12.989398002624512,7.685218334197998,8.886367797851562
39ac6327aa1b887f,val,39ac6327aa1b887f__clean,none,0,none,0,600.0,400.0,1.5,61.21853333333333,73.013644226146,0.5523666666666667,0.0805375,0.03913333333333333,0.033779166666666666,0.0,1.0,33.0,253.0,255.0,252.0,255.0,1006.3490037812326,55.91414260864258,128.34487915039062,134.24503333333334,0.21325833333333333,0.1380125,9.784584045410156,6.951704978942871,7.677926063537598
39ac6327aa1b887f,val,39ac6327aa1b887f__blur__s3,blur,3,medium,1,600.0,400.0,1.5,61.190308333333334,69.05214394020119,0.5355291666666666,0.06449166666666667,0.018991666666666667,0.016575,0.0,1.0,35.0,236.0,255.0,235.0,255.0,22.080429342899308,34.45610427856445,74.20503234863281,127.83859583333333,0.16700833333333334,0.13967083333333333,2.1053924560546875,7.110167026519775,2.0213241577148438
39ac6327aa1b887f,val,39ac6327aa1b887f__motion_blur__s3,motion_blur,3,medium,1,600.0,400.0,1.5,61.119029166666664,67.4812794624614,0.526275,0.0580875,0.018029166666666666,0.020391666666666666,0.0,2.0,36.0,233.0,255.0,231.0,255.0,243.75962155493056,35.74420166015625,91.56404876708984,128.034175,0.16732083333333334,0.13895,5.599856853485107,7.113494396209717,3.2676842212677
39ac6327aa1b887f,val,39ac6327aa1b887f__underexposure__s3,underexposure,3,medium,1,600.0,400.0,1.5,33.252175,40.16820798553721,0.7450625,0.0,0.0769,0.0,0.0,0.0,18.0,139.0,140.0,139.0,140.0,307.1443124435938,31.030834197998047,70.47897338867188,135.00882083333335,0.23448333333333332,0.1656625,5.400615692138672,6.129068374633789,4.270532131195068
39ac6327aa1b887f,val,39ac6327aa1b887f__overexposure__s3,overexposure,3,medium,1,600.0,400.0,1.5,79.61624583333334,82.16502892698877,0.447175,0.14484166666666667,0.036533333333333334,0.04947083333333333,0.0,1.0,49.0,254.0,255.0,253.0,255.0,1674.6942207458158,67.1844482421875,141.36160278320312,131.28152916666667,0.21520833333333333,0.152725,12.08224105834961,7.176424980163574,9.472805976867676
39ac6327aa1b887f,val,39ac6327aa1b887f__noise__s3,noise,3,medium,1,600.0,400.0,1.5,62.41975,70.91713269681382,0.5411791666666667,0.0814,0.005433333333333333,0.0014458333333333333,1.0,2.0,35.0,241.0,253.0,239.0,252.0,3594.2339324308336,81.15009307861328,119.50704193115234,138.56314583333332,0.22553333333333334,0.077525,13.858566284179688,7.171812534332275,14.000592231750488
39ac6327aa1b887f,val,39ac6327aa1b887f__compression__s3,compression,3,medium,1,600.0,400.0,1.5,61.243491666666664,72.66064704140014,0.5515166666666667,0.08034166666666667,0.042575,0.026779166666666666,0.0,1.0,33.0,251.0,255.0,250.0,255.0,815.5150047641666,52.48430252075195,127.051513671875,128.44015833333333,0.18401666666666666,0.16189583333333332,9.23701000213623,6.988582134246826,6.610836505889893
eda4af13818b566f,val,eda4af13818b566f__clean,none,0,none,0,640.0,480.0,1.3333333333333333,122.40880533854167,59.868029267092034,0.048876953125,0.12548177083333334,0.0,0.023147786458333333,21.0,40.0,111.0,253.0,255.0,213.0,234.0,2050.445311391947,85.1528091430664,109.70791625976562,50.67541666666666,0.0011653645833333334,0.3176399739583333,12.487850189208984,7.429014205932617,11.698516845703125
eda4af13818b566f,val,eda4af13818b566f__blur__s3,blur,3,medium,1,640.0,480.0,1.3333333333333333,122.42473958333333,55.33871847949694,0.0325390625,0.1103125,0.0,0.013020833333333334,22.0,49.0,111.0,251.0,255.0,202.0,233.0,20.22436848687066,42.63365173339844,48.731117248535156,48.320791015625,0.0006640625,0.3239029947916667,1.9773828983306885,7.3644280433654785,2.533292293548584
eda4af13818b566f,val,eda4af13818b566f__motion_blur__s3,motion_blur,3,medium,1,640.0,480.0,1.3333333333333333,122.42447265625,55.82886062273568,0.034856770833333335,0.11773111979166667,0.0,0.013961588541666667,22.0,48.0,110.0,252.0,255.0,204.0,233.0,366.5923255072276,48.987701416015625,76.65634155273438,47.817936197916666,0.0006510416666666666,0.33070963541666665,6.436677932739258,7.286931037902832,5.3070549964904785
eda4af13818b566f,val,eda4af13818b566f__underexposure__s3,underexposure,3,medium,1,640.0,480.0,1.3333333333333333,66.848857421875,32.928483274192665,0.18002604166666666,0.0,0.0,0.0,11.0,22.0,61.0,139.0,140.0,117.0,129.0,566.8371819535892,47.040382385253906,60.258697509765625,51.194169921875,0.0013346354166666667,0.3169759114583333,6.75806999206543,6.612323760986328,6.3404927253723145
eda4af13818b566f,val,eda4af13818b566f__overexposure__s3,overexposure,3,medium,1,640.0,480.0,1.3333333333333333,167.17873697916667,60.97261957836918,0.026435546875,0.249619140625,0.0,0.10562825520833333,31.0,60.0,166.0,255.0,255.0,195.0,224.0,2964.4408487845417,103.12718963623047,128.99024963378906,48.41079752604167,0.00103515625,0.34134765625,15.146471977233887,7.278268814086914,13.982291221618652
eda4af13818b566f,val,eda4af13818b566f__noise__s3,noise,3,medium,1,640.0,480.0,1.3333333333333333,121.289072265625,59.648193441587466,0.057509765625,0.12455403645833334,1.6276041666666666e-05,0.0018977864583333334,15.0,36.0,112.0,248.0,254.0,212.0,239.0,5307.434375966124,110.04402160644531,102.92179107666016,58.392877604166664,0.006598307291666667,0.25548828125,16.819303512573242,7.621515274047852,17.660978317260742
eda4af13818b566f,val,eda4af13818b566f__compression__s3,compression,3,medium,1,640.0,480.0,1.3333333333333333,122.35518880208333,59.65864807497422,0.048828125,0.12489583333333333,0.0,0.009124348958333334,20.0,40.0,111.0,253.0,254.0,213.0,234.0,1585.6743356601291,86.04778289794922,108.04576873779297,50.163746744791666,0.0014518229166666666,0.32173828125,11.858498573303223,7.424690246582031,11.10325813293457
ff95bf5ddb4bdbd7,test,ff95bf5ddb4bdbd7__clean,none,0,none,0,333.0,500.0,0.666,77.42742942942942,44.40391131554622,0.2681921921921922,0.00027627627627627627,0.0006186186186186186,3.603603603603604e-05,5.0,12.0,82.0,155.0,165.0,143.0,160.0,324.73822218528437,31.335750579833984,48.01061248779297,0.0,0.0,1.0,4.550126552581787,7.237425327301025,4.285827159881592
ff95bf5ddb4bdbd7,test,ff95bf5ddb4bdbd7__blur__s3,blur,3,medium,1,333.0,500.0,0.666,77.43028828828828,43.25705176806017,0.26138738738738737,0.0,0.0,0.0,7.0,13.0,82.0,155.0,165.0,142.0,158.0,5.537441371605841,18.71222496032715,28.2329044342041,0.0,0.0,1.0,0.927895188331604,7.174763202667236,1.0241142511367798
ff95bf5ddb4bdbd7,test,ff95bf5ddb4bdbd7__motion_blur__s3,motion_blur,3,medium,1,333.0,500.0,0.666,77.42621021021021,42.48876540566404,0.2562162162162162,0.0,0.0,0.0,9.0,15.0,81.0,153.0,162.0,138.0,153.0,21.17132707280253,18.477540969848633,28.24488067626953,0.0,0.0,1.0,1.618804693222046,7.154145240783691,1.318163275718689
ff95bf5ddb4bdbd7,test,ff95bf5ddb4bdbd7__underexposure__s3,underexposure,3,medium,1,333.0,500.0,0.666,42.104636636636634,24.399816990958996,0.455987987987988,0.0,0.0008528528528528529,0.0,2.0,6.0,45.0,85.0,90.01000000000931,79.0,88.01000000000931,65.09803559159158,17.080121994018555,26.317426681518555,0.0,0.0,1.0,2.287963390350342,6.362820148468018,2.1210713386535645
ff95bf5ddb4bdbd7,test,ff95bf5ddb4bdbd7__overexposure__s3,overexposure,3,medium,1,333.0,500.0,0.666,115.83443843843844,66.35609026679812,0.17336936936936936,0.09047447447447447,0.00016216216216216215,0.003213213213213213,8.0,17.0,123.0,233.0,248.0,216.0,240.0,463.7653512907142,44.56557846069336,71.03121185302734,0.0,0.0,1.0,5.967945098876953,7.785433769226074,5.5507988929748535
ff95bf5ddb4bdbd7,test,ff95bf5ddb4bdbd7__noise__s3,noise,3,medium,1,333.0,500.0,0.666,77.50256456456457,45.532967425285804,0.26344144144144144,0.00028228228228228226,0.0008288288288288288,6.006006006006006e-06,2.0,9.0,79.0,155.0,176.0,146.0,174.0,3687.3296431582576,68.27000427246094,49.59855270385742,53.12363963963964,0.03772972972972973,0.33373573573573573,12.363432884216309,7.4020867347717285,13.018589973449707
ff95bf5ddb4bdbd7,test,ff95bf5ddb4bdbd7__compression__s3,compression,3,medium,1,333.0,500.0,0.666,77.4311051051051,44.3230017567029,0.26878078078078077,0.0001921921921921922,0.0006366366366366366,1.801801801801802e-05,6.0,12.0,82.0,155.0,166.0,143.0,160.0,124.36344114272833,28.427610397338867,48.066070556640625,0.0,0.0,1.0,3.5676820278167725,7.156631946563721,2.978515625
105e70c573b87d7e,test,105e70c573b87d7e__clean,none,0,none,0,640.0,480.0,1.3333333333333333,150.361064453125,56.05729287911296,0.07856119791666667,0.0196875,0.010162760416666666,2.9296875e-05,0.0,22.0,169.0,209.0,219.0,187.0,219.0,4412.300852244017,66.86015319824219,99.17980194091797,73.88306315104167,0.025524088541666667,0.03822265625,15.275167465209961,7.305001258850098,11.35839557647705
105e70c573b87d7e,test,105e70c573b87d7e__blur__s3,blur,3,medium,1,640.0,480.0,1.3333333333333333,150.35854166666667,52.08983484796095,0.05249674479166667,0.012320963541666667,0.0073860677083333335,0.0,1.0,38.0,162.0,207.0,216.0,169.0,215.0,11.48353981522454,24.370288848876953,36.53238296508789,68.70351236979167,0.00376953125,0.03821940104166666,1.4143388271331787,7.192183971405029,1.5521878004074097
105e70c573b87d7e,test,105e70c573b87d7e__motion_blur__s3,motion_blur,3,medium,1,640.0,480.0,1.3333333333333333,150.3616015625,51.92974244650167,0.05022135416666667,0.013232421875,0.006435546875,0.0,2.0,39.0,162.0,207.0,217.0,168.0,215.0,275.008810762363,33.38053512573242,47.999534606933594,68.767197265625,0.0040071614583333335,0.03863932291666667,5.0964813232421875,7.237894535064697,4.039037227630615
105e70c573b87d7e,test,105e70c573b87d7e__underexposure__s3,underexposure,3,medium,1,640.0,480.0,1.3333333333333333,82.236455078125,30.740941413203128,0.13072591145833334,0.0,0.013531901041666667,0.0,0.0,12.0,92.0,114.0,120.0,102.0,120.0,1220.7769530637952,36.557701110839844,54.320526123046875,74.102509765625,0.025227864583333332,0.039248046875,8.16845417022705,6.444636344909668,6.086812973022461
105e70c573b87d7e,test,105e70c573b87d7e__overexposure__s3,overexposure,3,medium,1,640.0,480.0,1.3333333333333333,206.834228515625,70.67795694054071,0.05731119791666667,0.692470703125,0.009235026041666667,0.10077473958333333,1.0,32.0,243.0,255.0,255.0,223.0,254.0,7712.821687399535,81.0999984741211,133.48403930664062,40.01300130208333,0.02478515625,0.43461263020833335,20.040489196777344,6.43318510055542,14.122581481933594
105e70c573b87d7e,test,105e70c573b87d7e__noise__s3,noise,3,medium,1,640.0,480.0,1.3333333333333333,149.94526041666666,56.52466798502756,0.07886393229166666,0.04251953125,0.0006868489583333334,6.510416666666667e-06,3.0,22.0,167.0,214.0,229.0,192.0,226.0,7761.2337884647695,96.06937408447266,92.66280364990234,75.50527018229167,0.029560546875,0.038037109375,19.015274047851562,7.498325824737549,18.345653533935547
105e70c573b87d7e,test,105e70c573b87d7e__compression__s3,compression,3,medium,1,640.0,480.0,1.3333333333333333,150.428037109375,55.71782105449856,0.07742513020833333,0.020380859375,0.009671223958333334,6.510416666666667e-06,1.0,23.0,168.0,208.0,218.0,185.0,217.0,3727.5645068928925,66.3379135131836,98.49488067626953,72.825107421875,0.023463541666666667,0.043916015625,14.66173267364502,7.293323516845703,10.48304271697998
8e2059e2f11b0c30,test,8e2059e2f11b0c30__clean,none,0,none,0,640.0,480.0,1.3333333333333333,128.30685872395833,60.843498981587906,0.10965494791666666,0.07207682291666667,7.8125e-05,0.034189453125,18.0,30.0,135.0,248.0,255.0,218.0,237.0,2905.9551308038394,65.40757751464844,85.39539337158203,37.583955078125,0.002018229166666667,0.39044270833333333,12.723422050476074,7.627824783325195,9.960394859313965
8e2059e2f11b0c30,test,8e2059e2f11b0c30__blur__s3,blur,3,medium,1,640.0,480.0,1.3333333333333333,128.31852864583334,58.139561665423805,0.09041341145833333,0.06658854166666667,0.0,0.032740885416666664,26.0,33.0,134.0,240.0,255.0,207.0,229.0,9.777965399159326,23.847440719604492,29.333608627319336,35.599202473958336,0.0,0.40787109375,1.2858375310897827,7.572150230407715,1.4528816938400269
8e2059e2f11b0c30,test,8e2059e2f11b0c30__motion_blur__s3,motion_blur,3,medium,1,640.0,480.0,1.3333333333333333,128.32217447916668,57.823256706147,0.090986328125,0.06431640625,0.0,0.0330078125,25.0,32.0,134.0,236.0,255.0,204.0,230.0,130.1434149697198,27.998157501220703,39.57072830200195,35.57047200520833,3.2552083333333335e-06,0.402509765625,3.74255108833313,7.569554328918457,2.871037244796753
8e2059e2f11b0c30,test,8e2059e2f11b0c30__underexposure__s3,underexposure,3,medium,1,640.0,480.0,1.3333333333333333,70.1076953125,33.45181931557309,0.22506510416666667,0.0,0.0003515625,0.0,10.0,16.0,74.0,136.0,140.0,120.0,130.0,808.2511967060938,35.7345085144043,46.82156753540039,37.519169921875,0.0021451822916666668,0.39749348958333336,6.820438385009766,6.794011116027832,5.341196060180664
8e2059e2f11b0c30,test,8e2059e2f11b0c30__overexposure__s3,overexposure,3,medium,1,640.0,480.0,1.3333333333333333,178.38890950520835,72.53956469860006,0.035244140625,0.41777994791666667,4.2317708333333335e-05,0.10212565104166667,27.0,44.0,202.0,255.0,255.0,211.0,228.0,5048.090577864583,79.48015594482422,116.94662475585938,29.89681640625,0.0018294270833333333,0.5363053385416666,16.805683135986328,7.273299217224121,12.267444610595703
8e2059e2f11b0c30,test,8e2059e2f11b0c30__noise__s3,noise,3,medium,1,640.0,480.0,1.3333333333333333,127.493046875,61.20025002151314,0.10565104166666667,0.07891276041666667,8.138020833333333e-05,0.0012760416666666666,10.0,26.0,133.0,237.0,253.0,211.0,243.0,6350.3310253875625,92.69416046142578,81.9886703491211,50.027180989583336,0.010006510416666666,0.254619140625,17.189083099365234,7.822935104370117,16.946399688720703
8e2059e2f11b0c30,test,8e2059e2f11b0c30__compression__s3,compression,3,medium,1,640.0,480.0,1.3333333333333333,128.29331705729166,60.65564134053837,0.10842122395833333,0.07143229166666666,1.6276041666666666e-05,0.028902994791666668,18.0,30.0,135.0,246.0,255.0,216.0,237.0,2424.4942772501204,63.85657501220703,85.66510009765625,37.25925455729167,0.002607421875,0.391943359375,12.138086318969727,7.638029098510742,8.971902847290039
c2aa138ee3a59b05,test,c2aa138ee3a59b05__clean,none,0,none,0,621.0,640.0,0.9703125,121.91699879227053,74.36404728545853,0.21034873188405798,0.07277324879227053,0.00014593397745571657,0.007558373590982287,8.0,16.0,133.0,219.0,254.0,203.0,246.0,4175.466860276638,97.26670837402344,111.40337371826172,80.99319142512077,0.03765096618357488,0.09420289855072464,16.290090560913086,7.69881534576416,14.240840911865234
c2aa138ee3a59b05,test,c2aa138ee3a59b05__blur__s3,blur,3,medium,1,621.0,640.0,0.9703125,121.91464120370371,70.37411849502901,0.15445350241545894,0.05196256038647343,0.0,0.006717995169082126,16.0,23.0,126.0,216.0,253.0,193.0,237.0,17.75305199350091,37.01629638671875,37.931095123291016,73.11421849838969,1.0064412238325282e-05,0.0915282809983897,1.7785416841506958,7.557828903198242,2.2858593463897705
c2aa138ee3a59b05,test,c2aa138ee3a59b05__motion_blur__s3,motion_blur,3,medium,1,621.0,640.0,0.9703125,121.912331421095,69.76548164714261,0.14347574476650563,0.05192230273752013,0.0,0.006197161835748792,15.0,23.0,123.0,216.0,251.0,193.0,236.0,171.80317323183567,41.24488830566406,43.8850212097168,72.6234249194847,0.000251610305958132,0.09743609098228663,4.31486177444458,7.580738067626953,4.086259841918945
c2aa138ee3a59b05,test,c2aa138ee3a59b05__underexposure__s3,underexposure,3,medium,1,621.0,640.0,0.9703125,66.59288949275363,40.880333381363755,0.35765901771336556,0.0,0.00043528582930756846,0.0,4.0,8.0,73.0,120.0,139.0,112.0,135.0,1199.5288738199172,53.54570388793945,61.12491226196289,82.64840982286634,0.04474134460547504,0.09584842995169082,8.857972145080566,6.847375392913818,7.730812072753906
c2aa138ee3a59b05,test,c2aa138ee3a59b05__overexposure__s3,overexposure,3,medium,1,621.0,640.0,0.9703125,163.15441576086957,89.45807933219785,0.12293679549114332,0.46117149758454107,8.554750402576489e-05,0.22795893719806765,12.0,24.0,200.0,255.0,255.0,231.0,243.0,7165.9844877597,117.4281005859375,157.6768341064453,66.46467391304348,0.03336604267310789,0.34694545088566825,21.584625244140625,6.715192794799805,17.527318954467773
c2aa138ee3a59b05,test,c2aa138ee3a59b05__noise__s3,noise,3,medium,1,621.0,640.0,0.9703125,121.64648752012883,74.463758887275,0.20389995974235103,0.10700734702093398,0.0002843196457326892,0.0004805756843800322,4.0,13.0,131.0,228.0,249.0,215.0,245.0,7240.108293001843,117.61991882324219,105.46338653564453,88.11006692834138,0.0717139694041868,0.09284923510466989,19.56906509399414,7.893320083618164,19.674640655517578
c2aa138ee3a59b05,test,c2aa138ee3a59b05__compression__s3,compression,3,medium,1,621.0,640.0,0.9703125,121.99997987117553,74.10915162562233,0.20384208937198067,0.07131390901771337,0.00012077294685990338,0.004521437198067633,5.0,16.0,133.0,218.0,254.0,202.0,249.0,3525.12698622543,97.92107391357422,109.92733001708984,81.18146135265701,0.0496225845410628,0.10022141706924316,15.716268539428711,7.711677551269531,13.586723327636719
1c67b783f78b18dd,test,1c67b783f78b18dd__clean,none,0,none,0,640.0,427.0,1.4988290398126465,79.37714798009368,51.754115078709134,0.379504537470726,0.006952576112412178,1.0977751756440281e-05,5.122950819672131e-05,12.0,21.0,43.0,152.0,186.0,131.0,174.0,598.2792906028025,34.33324432373047,83.56565856933594,116.77964724824356,0.004171545667447307,0.01792666861826698,7.259101390838623,6.583806037902832,4.802224636077881
1c67b783f78b18dd,test,1c67b783f78b18dd__blur__s3,blur,3,medium,1,640.0,427.0,1.4988290398126465,79.38178790983606,49.65193337175092,0.3495865046838407,0.000859923887587822,0.0,0.0,13.0,24.0,51.0,151.0,172.0,127.0,159.0,9.842823879548934,18.65212631225586,37.25376510620117,113.75492169203747,3.293325526932084e-05,0.014596750585480094,1.3430922031402588,6.6447930335998535,1.251519799232483
1c67b783f78b18dd,test,1c67b783f78b18dd__motion_blur__s3,motion_blur,3,medium,1,640.0,427.0,1.4988290398126465,79.38660714285714,49.80401997943009,0.3500658665105386,0.004903395784543326,0.0,0.0,13.0,25.0,55.0,151.0,166.0,126.0,153.0,163.7292522711349,23.109970092773438,59.86031723022461,112.87309353044496,0.0004610655737704918,0.015185889929742388,4.512130260467529,6.664258003234863,2.639219284057617
1c67b783f78b18dd,test,1c67b783f78b18dd__underexposure__s3,underexposure,3,medium,1,640.0,427.0,1.4988290398126465,43.169895345433254,28.494127962457824,0.5506074355971897,0.0,2.1955503512880562e-05,0.0,6.0,11.0,23.0,83.0,102.0,72.0,96.0,172.6086386368786,19.318710327148438,45.823402404785156,117.50565720140516,0.0077942037470725995,0.01761929156908665,3.966116428375244,5.729116439819336,2.679929733276367
1c67b783f78b18dd,test,1c67b783f78b18dd__overexposure__s3,overexposure,3,medium,1,640.0,427.0,1.4988290398126465,117.91049107142857,75.32639063165816,0.07621853044496488,0.13925644028103046,0.0,0.0010465456674473067,18.0,31.0,65.0,227.0,251.0,196.0,233.0,1012.1100399832981,45.140472412109375,106.60541534423828,116.37756879391101,0.003586065573770492,0.02105166861826698,9.409524917602539,7.097921371459961,6.252976417541504
1c67b783f78b18dd,test,1c67b783f78b18dd__noise__s3,noise,3,medium,1,640.0,427.0,1.4988290398126465,79.35518149882904,52.79045311763468,0.3352166276346604,0.006747658079625293,7.318501170960187e-05,2.927400468384075e-05,6.0,15.0,57.0,159.0,190.0,144.0,184.0,4014.5607878783076,76.8054428100586,76.91233825683594,118.25539739461358,0.10304815573770491,0.01868413348946136,13.618947982788086,7.239127159118652,14.18805980682373
1c67b783f78b18dd,test,1c67b783f78b18dd__compression__s3,compression,3,medium,1,640.0,427.0,1.4988290398126465,79.37585992388759,51.691715605039875,0.3657201405152225,0.006765954332552693,7.318501170960187e-06,2.927400468384075e-05,12.0,21.0,43.0,152.0,185.0,131.0,173.0,497.05004539986726,33.343631744384766,83.20323181152344,116.26465163934427,0.007373389929742389,0.014373536299765809,6.983150482177734,6.268986701965332,4.373734474182129
b47318f2a6f65202,test,b47318f2a6f65202__clean,none,0,none,0,640.0,425.0,1.5058823529411764,124.07434558823529,74.9137422744121,0.1577610294117647,0.20679779411764707,0.01708455882352941,0.00016911764705882353,0.0,7.0,115.0,236.0,244.0,229.0,244.0,4301.509132297577,99.13490295410156,156.68849182128906,49.875375,0.03851838235294117,0.5103051470588236,18.11948013305664,7.825453758239746,14.878312110900879
b47318f2a6f65202,test,b47318f2a6f65202__blur__s3,blur,3,medium,1,640.0,425.0,1.5058823529411764,124.06204779411765,68.75305233382954,0.10949264705882353,0.18918382352941177,0.011334558823529411,1.838235294117647e-05,0.0,19.0,114.0,236.0,243.0,217.0,243.0,30.28697742418631,44.87790298461914,57.97169494628906,43.27459558823529,0.011941176470588235,0.5259595588235294,2.430889129638672,7.752357482910156,2.8490827083587646
b47318f2a6f65202,test,b47318f2a6f65202__motion_blur__s3,motion_blur,3,medium,1,640.0,425.0,1.5058823529411764,124.07662132352941,68.37713557625793,0.1024485294117647,0.19006985294117648,0.012735294117647058,6.25e-05,0.0,19.0,114.0,236.0,243.0,217.0,243.0,505.0207010584856,52.23578643798828,79.50901794433594,43.385705882352944,0.01520220588235294,0.5322242647058824,7.326104640960693,7.738180637359619,5.621783256530762
b47318f2a6f65202,test,b47318f2a6f65202__underexposure__s3,underexposure,3,medium,1,640.0,425.0,1.5058823529411764,67.75062867647058,41.137575423657616,0.2878860294117647,0.0,0.022933823529411763,0.0,0.0,4.0,63.0,129.0,134.0,125.0,134.0,1247.662794068988,54.637596130371094,86.07056427001953,49.29733823529412,0.038150735294117645,0.5177647058823529,9.89301872253418,6.968143939971924,8.085591316223145
b47318f2a6f65202,test,b47318f2a6f65202__overexposure__s3,overexposure,3,medium,1,640.0,425.0,1.5058823529411764,163.30540808823528,84.310961241457,0.11653308823529412,0.38160661764705883,0.015514705882352941,0.23179779411764706,0.0,11.0,172.0,255.0,255.0,244.0,255.0,6792.700478916941,124.2399673461914,195.99429321289062,43.855838235294115,0.03709191176470588,0.5308676470588235,22.709999084472656,6.786778926849365,18.525022506713867
b47318f2a6f65202,test,b47318f2a6f65202__noise__s3,noise,3,medium,1,640.0,425.0,1.5058823529411764,123.87383823529412,74.55369128808925,0.16136764705882353,0.1819889705882353,0.0012904411764705882,0.0001838235294117647,2.0,10.0,116.0,240.0,250.0,230.0,248.0,7268.93560303275,124.12864685058594,146.03338623046875,62.11524632352941,0.05505147058823529,0.35263970588235294,20.946592330932617,7.946645736694336,20.528478622436523
b47318f2a6f65202,test,b47318f2a6f65202__compression__s3,compression,3,medium,1,640.0,425.0,1.5058823529411764,124.13745955882352,74.69880318172075,0.15625735294117646,0.2074889705882353,0.01513235294117647,0.00016544117647058823,0.0,8.0,115.0,236.0,244.0,228.0,244.0,3851.3521207774525,99.525146484375,154.9373779296875,50.0678419117647,0.03988970588235294,0.5094301470588235,17.695877075195312,7.772229194641113,14.234079360961914
e3d8430df8ae6fd8,test,e3d8430df8ae6fd8__clean,none,0,none,0,375.0,500.0,0.75,63.174608,47.0061311466884,0.395456,0.023765333333333333,1.6e-05,0.004282666666666666,11.0,18.0,48.0,151.0,253.0,133.0,242.0,1119.5231010081848,53.49626159667969,84.67994689941406,122.69576533333333,0.03163733333333334,0.051541333333333335,9.274718284606934,7.02427864074707,7.4366607666015625
e3d8430df8ae6fd8,test,e3d8430df8ae6fd8__blur__s3,blur,3,medium,1,375.0,500.0,0.75,63.19649066666667,44.135024512865584,0.36753066666666667,0.019696,0.0,0.002746666666666667,16.0,20.0,49.0,147.0,249.0,127.0,233.0,10.458793661326222,25.25922203063965,36.71246337890625,118.680432,0.0052,0.05144,1.3514344692230225,6.931595802307129,1.4863172769546509
e3d8430df8ae6fd8,test,e3d8430df8ae6fd8__motion_blur__s3,motion_blur,3,medium,1,375.0,500.0,0.75,63.197888,43.629328824459236,0.36124266666666666,0.019376,0.0,0.002874666666666667,16.0,20.0,49.0,144.0,250.0,124.0,234.0,106.64417031654399,27.346576690673828,47.069576263427734,117.81635733333333,0.006138666666666666,0.050672,3.5527830123901367,6.9380621910095215,2.580670118331909
e3d8430df8ae6fd8,test,e3d8430df8ae6fd8__underexposure__s3,underexposure,3,medium,1,375.0,500.0,0.75,34.285882666666666,25.848990678571948,0.683488,0.0,3.2e-05,0.0,6.0,9.0,26.0,82.0,139.0,73.0,133.0,306.17220663577604,29.52419662475586,46.47077560424805,124.05556266666666,0.03578666666666667,0.050298666666666665,4.99696159362793,6.180994987487793,4.005500316619873
e3d8430df8ae6fd8,test,e3d8430df8ae6fd8__overexposure__s3,overexposure,3,medium,1,375.0,500.0,0.75,91.40893333333334,60.09303072344487,0.1896,0.057472,0.0,0.009898666666666667,17.0,27.0,72.0,223.0,254.0,196.0,237.0,1887.484676689323,73.67704772949219,107.9717788696289,121.89571733333334,0.029498666666666666,0.05676266666666667,12.25201416015625,7.4897918701171875,9.994447708129883
e3d8430df8ae6fd8,test,e3d8430df8ae6fd8__noise__s3,noise,3,medium,1,375.0,500.0,0.75,63.262261333333335,47.568336334790025,0.3793493333333333,0.023530666666666665,8e-05,0.0003733333333333333,5.0,12.0,50.0,151.0,247.0,139.0,242.0,4256.171240745955,82.62448120117188,79.91690063476562,128.469056,0.10554133333333333,0.0444,14.361382484436035,7.214463710784912,14.745100975036621
e3d8430df8ae6fd8,test,e3d8430df8ae6fd8__compression__s3,compression,3,medium,1,375.0,500.0,0.75,63.17104,46.75805623260802,0.391888,0.023658666666666668,1.6e-05,0.001664,12.0,18.0,48.0,150.0,252.0,132.0,240.0,843.410320392505,53.13365936279297,83.23767852783203,122.14197333333334,0.029392,0.05026666666666667,8.637264251708984,7.018134117126465,6.734528541564941
1d3ba71e9002721a,test,1d3ba71e9002721a__clean,none,0,none,0,640.0,361.0,1.7728531855955678,140.92308258310248,65.83153852916394,0.027428150969529087,0.24839854570637118,4.32825484764543e-06,0.00017313019390581717,30.0,47.0,120.0,241.0,248.0,194.0,218.0,3547.097195062756,96.51541137695312,135.79844665527344,46.14900450138504,0.003436634349030471,0.30074878808864264,15.999438285827637,7.618112564086914,14.151172637939453
1d3ba71e9002721a,test,1d3ba71e9002721a__blur__s3,blur,3,medium,1,640.0,361.0,1.7728531855955678,140.93674255540165,59.98205621329307,0.005111668975069252,0.21887119113573408,0.0,0.0,44.0,61.0,121.0,240.0,247.0,179.0,203.0,27.18452485861159,42.8699951171875,54.37886047363281,43.053350069252076,0.0,0.3153350069252078,2.2905642986297607,7.507821559906006,2.7535481452941895
1d3ba71e9002721a,test,1d3ba71e9002721a__motion_blur__s3,motion_blur,3,medium,1,640.0,361.0,1.7728531855955678,140.94324792243768,58.74883934827614,0.004977493074792244,0.20738833102493076,0.0,0.0,45.0,63.0,123.0,240.0,247.0,177.0,202.0,272.9877445065146,44.69718551635742,64.035888671875,42.549666724376735,0.0,0.32020429362880887,5.54713249206543,7.5205888748168945,4.654050350189209
1d3ba71e9002721a,test,1d3ba71e9002721a__underexposure__s3,underexposure,3,medium,1,640.0,361.0,1.7728531855955678,77.02525969529086,36.18337538416726,0.15297783933518005,0.0,2.1641274238227147e-05,0.0,16.0,25.0,65.0,132.0,136.0,107.0,120.0,1013.6261781301187,53.212806701660156,74.65271759033203,46.410876904432136,0.004055574792243767,0.30544927285318557,8.711349487304688,6.754661560058594,7.6819071769714355
1d3ba71e9002721a,test,1d3ba71e9002721a__overexposure__s3,overexposure,3,medium,1,640.0,361.0,1.7728531855955678,184.28824013157896,66.33342124265381,0.00574792243767313,0.4265365304709141,4.32825484764543e-06,0.252514716066482,46.0,71.0,180.0,255.0,255.0,184.0,209.0,5306.465137113359,113.51927185058594,159.18942260742188,33.879094529085876,0.002843663434903047,0.5257011772853185,19.42035484313965,6.242935657501221,16.810728073120117
1d3ba71e9002721a,test,1d3ba71e9002721a__noise__s3,noise,3,medium,1,640.0,361.0,1.7728531855955678,139.90461391966758,66.23712550260224,0.03763417590027701,0.20896381578947368,1.731301939058172e-05,0.0002510387811634349,23.0,44.0,123.0,241.0,251.0,197.0,228.0,6743.495241105057,122.37799835205078,127.6833267211914,50.93440529778393,0.008604570637119113,0.268615824099723,19.52423858642578,7.766120910644531,19.937931060791016
1d3ba71e9002721a,test,1d3ba71e9002721a__compression__s3,compression,3,medium,1,640.0,361.0,1.7728531855955678,140.88975934903047,65.68461453236063,0.027977839335180055,0.24910837950138504,8.65650969529086e-06,0.00037222991689750694,29.0,48.0,120.0,241.0,248.0,193.0,219.0,3010.195975889563,97.35518646240234,134.8472442626953,45.515971260387815,0.0038997576177285317,0.3139975761772853,15.507655143737793,7.587007522583008,13.473546028137207
2430b9bffb5ff52d,test,2430b9bffb5ff52d__clean,none,0,none,0,640.0,555.0,1.1531531531531531,107.76523085585586,59.65639182980865,0.1875929054054054,0.050011261261261264,1.4076576576576577e-05,0.00037443693693693696,11.0,19.0,108.0,216.0,234.0,197.0,223.0,2124.3098160501427,65.26239013671875,104.04113006591797,110.80127533783784,0.08473817567567568,0.0778490990990991,11.453285217285156,7.751399517059326,9.400581359863281
2430b9bffb5ff52d,test,2430b9bffb5ff52d__blur__s3,blur,3,medium,1,640.0,555.0,1.1531531531531531,107.75720439189189,55.978458042533745,0.16625844594594594,0.03385698198198198,0.0,0.0,15.0,21.0,108.0,208.0,224.0,187.0,209.0,17.47022240495616,34.406856536865234,46.7545051574707,107.84717060810812,0.04798141891891892,0.07560247747747748,1.7726815938949585,7.658590316772461,2.0386860370635986
2430b9bffb5ff52d,test,2430b9bffb5ff52d__motion_blur__s3,motion_blur,3,medium,1,640.0,555.0,1.1531531531531531,107.75541948198199,54.03903283226656,0.1495045045045045,0.02889358108108108,0.0,1.6891891891891892e-05,15.0,22.0,107.0,204.0,223.0,182.0,208.0,52.105669534856325,30.79574966430664,38.663795471191406,107.41574887387388,0.04222972972972973,0.07512950450450451,2.4793200492858887,7.636481285095215,2.275162696838379
2430b9bffb5ff52d,test,2430b9bffb5ff52d__underexposure__s3,underexposure,3,medium,1,640.0,555.0,1.1531531531531531,58.797488738738735,32.7879779866085,0.3067060810810811,0.0,0.0001266891891891892,0.0,6.0,10.0,59.0,118.0,128.0,108.0,122.0,596.7915479819768,35.95542907714844,57.14262390136719,112.51369650900901,0.09635416666666667,0.08028153153153153,6.196205139160156,6.889573097229004,5.020974636077881
2430b9bffb5ff52d,test,2430b9bffb5ff52d__overexposure__s3,overexposure,3,medium,1,640.0,555.0,1.1531531531531531,152.35421734234234,76.06632432039112,0.1031418918918919,0.26711148648648647,1.1261261261261261e-05,0.04791103603603604,17.0,28.0,161.0,254.0,255.0,226.0,238.0,3013.6582268124466,77.00392150878906,127.50567626953125,104.31673704954954,0.07542511261261262,0.15614864864864864,13.61819076538086,7.6982645988464355,10.838899612426758
2430b9bffb5ff52d,test,2430b9bffb5ff52d__noise__s3,noise,3,medium,1,640.0,555.0,1.1531531531531531,107.57868243243243,60.39716772133865,0.17536317567567566,0.047942004504504504,0.00016891891891891893,6.193693693693694e-05,6.0,16.0,108.0,214.0,239.0,198.0,233.0,5408.525176919669,95.08570098876953,97.8569107055664,115.54436936936936,0.12774493243243243,0.06949887387387388,16.099637985229492,7.830996990203857,16.447105407714844
2430b9bffb5ff52d,test,2430b9bffb5ff52d__compression__s3,compression,3,medium,1,640.0,555.0,1.1531531531531531,107.78115990990992,59.44059892410583,0.18532376126126127,0.04927364864864865,3.3783783783783784e-05,0.00011824324324324324,11.0,19.0,107.0,215.0,235.0,196.0,224.0,1682.4885979341357,64.83270263671875,102.5420913696289,111.14610641891892,0.085678490990991,0.07738738738738739,10.773283958435059,7.738760948181152,8.384674072265625
3b3ed6a27e07126c,test,3b3ed6a27e07126c__clean,none,0,none,0,640.0,349.0,1.833810888252149,156.13887446275072,38.92164804889496,0.023459885386819486,0.011698603151862464,0.0003850286532951289,8.954154727793696e-06,18.0,65.0,166.0,200.0,218.0,135.0,200.0,1452.3756468180352,50.138877868652344,86.98080444335938,62.00723047994269,0.015195200573065903,0.2069394699140401,9.996535301208496,7.002046585083008,7.0588202476501465
3b3ed6a27e07126c,test,3b3ed6a27e07126c__blur__s3,blur,3,medium,1,640.0,349.0,1.833810888252149,156.13609419770773,35.235710782233916,0.014416189111747852,0.0017729226361031518,5.8202005730659026e-05,0.0,33.0,74.0,165.0,196.0,208.0,122.0,175.0,10.67702280480815,25.33001136779785,34.3352165222168,59.94415293696275,0.004629297994269341,0.20193857449856734,1.3873255252838135,6.859882354736328,1.449834942817688
3b3ed6a27e07126c,test,3b3ed6a27e07126c__motion_blur__s3,motion_blur,3,medium,1,640.0,349.0,1.833810888252149,156.1372268982808,36.419991625721764,0.015996597421203438,0.0050859598853868196,5.372492836676218e-05,0.0,29.0,72.0,166.0,197.0,210.0,125.0,181.0,352.12235399514293,36.71750259399414,61.88621139526367,60.37182127507163,0.008681053008595988,0.2068051575931232,6.020226001739502,6.917440414428711,4.160017967224121
3b3ed6a27e07126c,test,3b3ed6a27e07126c__underexposure__s3,underexposure,3,medium,1,640.0,349.0,1.833810888252149,85.38844018624641,21.36731649389028,0.057678187679083094,0.0,0.0009267550143266475,0.0,10.0,35.0,91.0,110.0,119.0,75.0,109.0,401.6173701593044,27.738344192504883,47.7392463684082,62.80494269340974,0.019238001432664756,0.20237285100286534,5.408993244171143,6.138091087341309,3.8172876834869385
3b3ed6a27e07126c,test,3b3ed6a27e07126c__overexposure__s3,overexposure,3,medium,1,640.0,349.0,1.833810888252149,221.54762267191978,49.1421340081484,0.014725107449856733,0.719443946991404,0.00032234957020057305,0.1353957736389685,28.0,97.0,243.0,255.0,255.0,158.0,227.0,1922.52821366794,53.07760238647461,106.5673599243164,47.227668338108884,0.01416099570200573,0.4269609598853868,11.588236808776855,6.1829423904418945,7.515489101409912
3b3ed6a27e07126c,test,3b3ed6a27e07126c__noise__s3,noise,3,medium,1,640.0,349.0,1.833810888252149,155.70864523638969,40.83019451073241,0.025541726361031518,0.02356733524355301,0.00011192693409742121,1.3431232091690544e-05,18.0,65.0,163.0,206.0,226.0,141.0,208.0,5005.845144944418,85.04276275634766,83.00407409667969,64.29596615329513,0.02223316618911175,0.18085601719197708,15.475860595703125,7.185756683349609,15.632804870605469
3b3ed6a27e07126c,test,3b3ed6a27e07126c__compression__s3,compression,3,medium,1,640.0,349.0,1.833810888252149,156.16716511461317,38.74500894404001,0.02342406876790831,0.012374641833810889,0.00024623925501432664,0.0,19.0,65.0,166.0,200.0,219.0,135.0,200.0,1134.5668154683208,50.185367584228516,86.11812591552734,61.463247671919774,0.017420308022922635,0.20435619627507162,9.492843627929688,6.9912872314453125,6.466322422027588
4286197d2b6fc188,test,4286197d2b6fc188__clean,none,0,none,0,640.0,427.0,1.4988290398126465,107.95646589578455,78.63344328366124,0.25942257025761123,0.185015368852459,0.004076405152224825,0.011976727166276346,3.0,13.0,95.0,252.0,255.0,239.0,252.0,609.9266873325057,68.36933898925781,94.76443481445312,61.687364607728334,0.011859631147540984,0.31942696135831383,7.759697437286377,7.628032684326172,7.053558349609375
4286197d2b6fc188,test,4286197d2b6fc188__blur__s3,blur,3,medium,1,640.0,427.0,1.4988290398126465,107.95874194964871,76.07082356848804,0.24176668618266978,0.17216042154566744,0.0016137295081967214,0.0073624121779859485,6.0,16.0,96.0,251.0,254.0,235.0,248.0,18.923521158813106,42.874122619628906,52.461883544921875,59.03997731264637,0.004091042154566744,0.3215859192037471,1.9024193286895752,7.622581958770752,2.3956406116485596
4286197d2b6fc188,test,4286197d2b6fc188__motion_blur__s3,motion_blur,3,medium,1,640.0,427.0,1.4988290398126465,107.95576331967213,75.78176042460159,0.23469335480093675,0.17084309133489461,0.00312134074941452,0.007161153395784543,5.0,17.0,96.0,251.0,254.0,234.0,249.0,150.64973952733143,44.11445999145508,67.29901885986328,59.148605825526936,0.005624268149882904,0.3208101580796253,4.4289751052856445,7.614055633544922,3.5100040435791016
4286197d2b6fc188,test,4286197d2b6fc188__underexposure__s3,underexposure,3,medium,1,640.0,427.0,1.4988290398126465,58.90958723653396,43.24614953896731,0.3837492681498829,0.0,0.007084309133489461,0.0,1.0,7.0,52.0,138.0,140.0,131.0,139.0,172.0533479555753,37.68369674682617,52.01385498046875,63.36619950234192,0.016964285714285713,0.32206528103044496,4.218941688537598,6.781153678894043,3.8483943939208984
4286197d2b6fc188,test,4286197d2b6fc188__overexposure__s3,overexposure,3,medium,1,640.0,427.0,1.4988290398126465,139.71322453161594,83.46737014356684,0.15998609484777518,0.24817037470725994,0.003648272833723653,0.17468530444964872,4.0,19.0,142.0,255.0,255.0,236.0,251.0,919.6391943165219,82.79425048828125,117.84605407714844,59.86557377049181,0.012225556206088993,0.337682962529274,9.600168228149414,7.040464401245117,8.735915184020996
4286197d2b6fc188,test,4286197d2b6fc188__noise__s3,noise,3,medium,1,640.0,427.0,1.4988290398126465,107.2114424765808,77.5154649340057,0.24252415105386416,0.17920447892271663,0.0008635831381733021,0.00194672131147541,2.0,10.0,93.0,249.0,254.0,239.0,252.0,3721.8749739802756,92.27816009521484,91.2424545288086,80.76765222482436,0.04627488290398126,0.23033518735362998,13.463165283203125,7.750381946563721,14.215306282043457
4286197d2b6fc188,test,4286197d2b6fc188__compression__s3,compression,3,medium,1,640.0,427.0,1.4988290398126465,107.95360070257611,78.56057721132991,0.2584894613583138,0.18447014051522248,0.004409396955503513,0.0077978629976580794,3.0,13.0,95.0,252.0,254.0,239.0,251.0,507.7453489816223,68.30027770996094,94.03402709960938,62.50168691451991,0.01948916861826698,0.3196794496487119,7.4527740478515625,7.6118927001953125,6.718688488006592
57f3508e600d3370,test,57f3508e600d3370__clean,none,0,none,0,640.0,361.0,1.7728531855955678,153.14904345567868,44.33960044310432,0.035829293628808864,0.003094702216066482,4.32825484764543e-06,0.0,23.0,51.0,173.0,198.0,208.0,147.0,185.0,1563.7144565989188,54.18130874633789,77.26585388183594,54.72865737534626,0.0020515927977839336,0.09467191828254848,9.808009147644043,7.005201816558838,7.907668113708496
57f3508e600d3370,test,57f3508e600d3370__blur__s3,blur,3,medium,1,640.0,361.0,1.7728531855955678,153.13919667590028,41.4609430274215,0.02181007617728532,0.0006405817174515235,0.0,0.0,29.0,62.0,171.0,197.0,206.0,135.0,177.0,9.579721616011348,23.095788955688477,32.18784713745117,53.477194425207756,0.0006968490304709141,0.08946502770083102,1.288224458694458,6.971342086791992,1.432245135307312
57f3508e600d3370,test,57f3508e600d3370__motion_blur__s3,motion_blur,3,medium,1,640.0,361.0,1.7728531855955678,153.14399671052632,40.92291671447255,0.01683691135734072,0.0006665512465373961,0.0,0.0,33.0,66.0,171.0,197.0,206.0,131.0,173.0,127.50700437748351,29.44037437438965,39.13739013671875,53.16549948060942,0.00043715373961218836,0.09226540858725762,3.729184150695801,6.966515064239502,3.1876018047332764
57f3508e600d3370,test,57f3508e600d3370__underexposure__s3,underexposure,3,medium,1,640.0,361.0,1.7728531855955678,83.77169754155125,24.364477692815395,0.0765625,0.0,3.895429362880886e-05,0.0,12.0,28.0,95.0,109.0,114.0,81.0,102.0,420.4117291378116,30.01148796081543,42.346038818359375,55.17606042243767,0.002744113573407202,0.09295360110803325,5.2600226402282715,6.142728805541992,4.284140586853027
57f3508e600d3370,test,57f3508e600d3370__overexposure__s3,overexposure,3,medium,1,640.0,361.0,1.7728531855955678,214.99461997922438,55.9300466572458,0.015499480609418283,0.6736365997229917,4.32825484764543e-06,0.11126644736842105,34.0,77.0,244.0,255.0,255.0,178.0,221.0,2599.569476868355,66.97552490234375,108.51671600341797,31.576354743767315,0.0018698060941828255,0.44836391966759004,12.960955619812012,6.246129989624023,9.793737411499023
57f3508e600d3370,test,57f3508e600d3370__noise__s3,noise,3,medium,1,640.0,361.0,1.7728531855955678,152.67996450831026,46.1972576438746,0.03534885734072022,0.018377770083102492,1.2984764542936287e-05,0.0,18.0,51.0,166.0,206.0,220.0,155.0,202.0,5085.932075591364,88.25817108154297,73.0376968383789,58.52053756925208,0.006791031855955679,0.10122489612188365,15.35886001586914,7.315531253814697,15.972792625427246
57f3508e600d3370,test,57f3508e600d3370__compression__s3,compression,3,medium,1,640.0,361.0,1.7728531855955678,153.1498744806094,44.12561145905977,0.03397680055401662,0.0026965027700831027,4.7610803324099725e-05,8.65650969529086e-06,23.0,52.0,172.0,198.0,208.0,146.0,185.0,968.8040030931847,53.65391540527344,76.82919311523438,54.23178670360111,0.0031293282548476454,0.11285924515235457,8.770014762878418,6.926513671875,7.038294315338135
feca143d5e249b9f,test,feca143d5e249b9f__clean,none,0,none,0,640.0,480.0,1.3333333333333333,170.47044921875,76.80529660372873,0.10472005208333333,0.388642578125,0.0,0.09837239583333333,15.0,23.0,187.0,255.0,255.0,232.0,240.0,1810.1745287677343,70.10901641845703,87.63973999023438,46.34199544270833,0.0015983072916666667,0.38287760416666666,11.158904075622559,7.307431221008301,9.959233283996582
feca143d5e249b9f,test,feca143d5e249b9f__blur__s3,blur,3,medium,1,640.0,480.0,1.3333333333333333,170.54039713541667,74.57897778843099,0.1004296875,0.38578450520833335,0.0,0.07480143229166666,17.0,24.0,189.0,255.0,255.0,231.0,238.0,12.569498689609105,32.5712776184082,38.26936721801758,44.13795572916667,0.0005436197916666666,0.3868912760416667,1.4967869520187378,7.439022064208984,1.882875919342041
feca143d5e249b9f,test,feca143d5e249b9f__motion_blur__s3,motion_blur,3,medium,1,640.0,480.0,1.3333333333333333,170.53702799479166,73.58490836852815,0.09686197916666667,0.3760546875,0.0,0.06834635416666666,17.0,24.0,187.0,255.0,255.0,231.0,238.0,163.3464091656897,33.896270751953125,43.327789306640625,43.001357421875,9.440104166666666e-05,0.3908821614583333,4.130499362945557,7.447207450866699,3.189997673034668
feca143d5e249b9f,test,feca143d5e249b9f__underexposure__s3,underexposure,3,medium,1,640.0,480.0,1.3333333333333333,93.33685221354166,42.30746012559653,0.15205078125,0.0,6.510416666666667e-06,0.0,8.0,12.0,102.0,140.0,141.0,128.0,133.0,506.248651953125,38.89998245239258,48.25406265258789,46.456539713541666,0.0017610677083333332,0.38400065104166664,6.0634589195251465,6.578610420227051,5.406774997711182
feca143d5e249b9f,test,feca143d5e249b9f__overexposure__s3,overexposure,3,medium,1,640.0,480.0,1.3333333333333333,204.42534830729167,74.25579066953708,0.06619791666666666,0.6491080729166666,0.0,0.31891276041666666,23.0,35.0,251.0,255.0,255.0,220.0,232.0,1304.3879559895834,47.6034049987793,86.42216491699219,33.6075390625,0.0011165364583333333,0.5888020833333333,9.277406692504883,5.5650739669799805,6.593681812286377
feca143d5e249b9f,test,feca143d5e249b9f__noise__s3,noise,3,medium,1,640.0,480.0,1.3333333333333333,168.007177734375,75.32120219375432,0.09802734375,0.38135091145833333,8.7890625e-05,0.005576171875,8.0,23.0,186.0,253.0,254.0,230.0,246.0,4446.061551750173,91.18830871582031,81.9811782836914,54.334850260416665,0.014332682291666666,0.35694986979166665,14.997673034667969,7.672327995300293,15.329168319702148
feca143d5e249b9f,test,feca143d5e249b9f__compression__s3,compression,3,medium,1,640.0,480.0,1.3333333333333333,170.29189127604167,76.50342145384367,0.10390299479166666,0.3884375,0.0,0.07666341145833333,16.0,23.0,187.0,255.0,255.0,232.0,239.0,1314.2547758244832,69.48347473144531,86.1904067993164,45.259602864583336,0.0013736979166666667,0.38537434895833333,10.361787796020508,7.3671112060546875,9.07105827331543
0f8ce814489c0792,test,0f8ce814489c0792__clean,none,0,none,0,640.0,425.0,1.5058823529411764,135.31494485294118,56.34085822973533,0.14926838235294118,0.030845588235294118,0.0,0.0007095588235294118,20.0,28.0,147.0,202.0,240.0,174.0,220.0,625.5438660101643,32.95442581176758,74.9436264038086,98.32566176470588,0.11047794117647058,0.03602573529411765,7.367231369018555,7.2386322021484375,4.6765947341918945
0f8ce814489c0792,test,0f8ce814489c0792__blur__s3,blur,3,medium,1,640.0,425.0,1.5058823529411764,135.31507720588235,54.719131593837865,0.1430955882352941,0.027753676470588236,0.0,0.00040808823529411766,25.0,29.0,147.0,200.0,238.0,171.0,213.0,7.5247757187364845,17.949695587158203,34.762962341308594,97.02486764705883,0.09750735294117648,0.031691176470588237,1.1502670049667358,7.174135208129883,1.137354850769043
0f8ce814489c0792,test,0f8ce814489c0792__motion_blur__s3,motion_blur,3,medium,1,640.0,425.0,1.5058823529411764,135.3013676470588,54.09479317022611,0.14159191176470587,0.028154411764705883,0.0,0.000125,25.0,29.0,147.0,200.0,238.0,171.0,213.0,63.623083251500326,17.75790786743164,39.75319290161133,96.86508455882353,0.09985661764705882,0.024073529411764705,2.7295756340026855,7.1930694580078125,1.6203463077545166
0f8ce814489c0792,test,0f8ce814489c0792__underexposure__s3,underexposure,3,medium,1,640.0,425.0,1.5058823529411764,73.91535661764706,30.96896182514415,0.19069117647058823,0.0,7.3529411764705884e-06,0.0,11.0,15.0,81.0,111.0,132.0,96.0,121.0,179.4299404982699,18.429458618164062,41.10947799682617,99.48644852941176,0.1200845588235294,0.04495220588235294,4.013308048248291,6.388571739196777,2.6006734371185303
0f8ce814489c0792,test,0f8ce814489c0792__overexposure__s3,overexposure,3,medium,1,640.0,425.0,1.5058823529411764,191.84679411764705,73.43555767405044,0.03573529411764706,0.5436470588235294,3.6764705882352942e-06,0.02061764705882353,30.0,42.0,220.0,254.0,255.0,212.0,225.0,1006.0027356452069,39.294166564941406,95.76537322998047,85.18540073529412,0.11185661764705883,0.14554779411764707,9.389017105102539,6.81459903717041,5.603882312774658
0f8ce814489c0792,test,0f8ce814489c0792__noise__s3,noise,3,medium,1,640.0,425.0,1.5058823529411764,134.92778676470587,57.04525846369552,0.12180882352941176,0.036095588235294115,3.6764705882352942e-06,0.00016176470588235295,13.0,24.0,147.0,209.0,239.0,185.0,226.0,4098.926425426025,74.55696868896484,71.06494903564453,97.56944852941176,0.0829264705882353,0.046838235294117646,13.767716407775879,7.529331207275391,14.141568183898926
0f8ce814489c0792,test,0f8ce814489c0792__compression__s3,compression,3,medium,1,640.0,425.0,1.5058823529411764,135.29738970588235,56.26267929473016,0.14766176470588235,0.03065441176470588,7.3529411764705884e-06,0.00011397058823529411,21.0,28.0,148.0,202.0,240.0,174.0,219.0,542.2138410871405,32.71271514892578,74.4697265625,98.64692279411764,0.11244485294117647,0.03005514705882353,7.109176158905029,7.105602741241455,4.380709648132324
1dd31e9059c49199,test,1dd31e9059c49199__clean,none,0,none,0,428.0,640.0,0.66875,83.06646831191588,43.516223325407445,0.1735251168224299,0.0009783878504672897,0.0001022196261682243,0.0,7.0,19.0,79.0,162.0,193.0,143.0,186.0,4617.712734600983,93.70274353027344,80.30278015136719,165.65251898364485,0.33312646028037385,0.016840683411214953,15.612457275390625,7.413911819458008,15.230149269104004
1dd31e9059c49199,test,1dd31e9059c49199__blur__s3,blur,3,medium,1,428.0,640.0,0.66875,83.00121568341122,38.27684220738535,0.1416544976635514,0.0,0.0,0.0,9.0,27.0,80.0,149.0,183.0,122.0,174.0,11.450841168821697,28.066226959228516,23.350933074951172,162.58496276285047,0.32729994158878506,0.01958966121495327,1.3675155639648438,7.23564338684082,1.8586962223052979
1dd31e9059c49199,test,1dd31e9059c49199__motion_blur__s3,motion_blur,3,medium,1,428.0,640.0,0.66875,82.9992516063084,37.753443921255375,0.13742333528037384,0.0,0.0,0.0,12.0,29.0,80.0,149.0,182.0,120.0,170.0,145.9677926154082,34.22533416748047,30.634077072143555,163.04680928738318,0.3189617406542056,0.016774970794392524,3.8447489738464355,7.213567733764648,3.9026782512664795
1dd31e9059c49199,test,1dd31e9059c49199__underexposure__s3,underexposure,3,medium,1,428.0,640.0,0.66875,45.21627482476636,23.817360163897426,0.44679103387850466,0.0,0.0002884053738317757,0.0,3.0,10.0,43.0,89.0,106.0,79.0,103.0,1252.3027837671366,51.02095031738281,43.841121673583984,167.7652745327103,0.34295414719626166,0.01719480140186916,8.27659797668457,6.544516563415527,8.100512504577637
1dd31e9059c49199,test,1dd31e9059c49199__overexposure__s3,overexposure,3,medium,1,428.0,640.0,0.66875,122.05024459696261,60.850791938478956,0.08420341705607477,0.08017304322429906,5.841121495327103e-05,0.0001861857476635514,10.0,28.0,118.0,230.0,250.0,202.0,240.0,8350.84815547417,128.60519409179688,106.80663299560547,163.01156542056074,0.3299686039719626,0.02240435163551402,20.97978973388672,7.8688507080078125,20.70350456237793
1dd31e9059c49199,test,1dd31e9059c49199__noise__s3,noise,3,medium,1,428.0,640.0,0.66875,83.1339004088785,44.73637411336935,0.1793297313084112,0.002183119158878505,0.00035776869158878505,0.0,5.0,17.0,79.0,165.0,198.0,148.0,193.0,7936.618303322228,111.39349365234375,79.76887512207031,164.93488609813085,0.315234375,0.009659754672897196,19.2670955657959,7.458272933959961,19.883512496948242
1dd31e9059c49199,test,1dd31e9059c49199__compression__s3,compression,3,medium,1,428.0,640.0,0.66875,83.2050671728972,42.987393511364026,0.16982330607476637,0.0006826810747663552,9.126752336448598e-05,0.0,7.0,20.0,79.0,161.0,192.0,141.0,185.0,3315.7039149067537,92.81102752685547,78.89154052734375,163.9991238317757,0.3077832943925234,0.02121057242990654,14.296649932861328,7.399204254150391,13.711894035339355
d53d17dd8ecded4a,test,d53d17dd8ecded4a__clean,none,0,none,0,500.0,302.0,1.6556291390728477,111.63898013245033,79.72085667602013,0.2648609271523179,0.14978807947019868,0.016609271523178808,0.007708609271523179,0.0,7.0,97.0,246.0,254.0,239.0,254.0,6928.869859177712,175.7064208984375,181.31228637695312,0.0,0.0,1.0,22.922090530395508,7.908337116241455,23.814891815185547
d53d17dd8ecded4a,test,d53d17dd8ecded4a__blur__s3,blur,3,medium,1,500.0,302.0,1.6556291390728477,111.55082119205298,68.42006802537664,0.17881456953642383,0.09435099337748344,0.0019735099337748344,0.0,7.0,19.0,101.0,232.0,248.0,213.0,241.0,61.545719840314014,81.84159088134766,69.58965301513672,0.0,0.0,1.0,3.472007989883423,7.901956558227539,4.980164527893066
d53d17dd8ecded4a,test,d53d17dd8ecded4a__motion_blur__s3,motion_blur,3,medium,1,500.0,302.0,1.6556291390728477,111.58515894039735,64.52779004701945,0.14806622516556292,0.0795364238410596,0.0013841059602649006,0.0,7.0,22.0,103.0,228.0,246.0,206.0,239.0,529.9953605595807,85.7908706665039,76.6854248046875,0.0,0.0,1.0,7.840861797332764,7.885729789733887,8.209493637084961
d53d17dd8ecded4a,test,d53d17dd8ecded4a__underexposure__s3,underexposure,3,medium,1,500.0,302.0,1.6556291390728477,60.943721854304634,43.81284955823692,0.40882781456953643,0.0,0.020317880794701988,0.0,0.0,4.0,53.0,135.0,139.0,131.0,139.0,2019.706272997851,96.66692352294922,99.57884979248047,0.0,0.0,1.0,12.516134262084961,7.07211446762085,13.00648307800293
d53d17dd8ecded4a,test,d53d17dd8ecded4a__overexposure__s3,overexposure,3,medium,1,500.0,302.0,1.6556291390728477,146.92067549668874,92.16803211910987,0.16940397350993378,0.3633973509933775,0.01409933774834437,0.19801986754966888,0.0,11.0,145.0,255.0,255.0,244.0,255.0,11243.963976578396,203.0159912109375,226.33750915527344,0.0,0.0,1.0,28.56913185119629,6.852560997009277,28.84501075744629
d53d17dd8ecded4a,test,d53d17dd8ecded4a__noise__s3,noise,3,medium,1,500.0,302.0,1.6556291390728477,111.40637086092715,79.03282142707161,0.2552251655629139,0.14862251655629138,0.0013642384105960264,0.0009139072847682119,2.0,8.0,97.0,243.0,253.0,235.0,251.0,9626.887406813692,184.83926391601562,174.2851104736328,49.2237880794702,0.04670198675496689,0.48174834437086095,24.919479370117188,7.925991058349609,26.648563385009766
d53d17dd8ecded4a,test,d53d17dd8ecded4a__compression__s3,compression,3,medium,1,500.0,302.0,1.6556291390728477,111.64319867549669,79.30344603951322,0.25876158940397354,0.14788079470198676,0.018033112582781455,0.012264900662251655,0.0,8.0,97.0,245.0,255.0,237.0,255.0,6268.850080182273,177.1554412841797,177.41806030273438,0.0,0.0,1.0,22.454872131347656,7.903997898101807,23.419601440429688
